[fourier] checkpoints -> /mnt/NAS/data/vg2097/leworld-interp-data/checkpoints/depth_scaling_<env>_fourier/depth_<depth>
[cache] using existing zstd caches for reacher: train 9800 episodes
01:13:27 | INFO  | __init__.py | JAX version 0.10.1 available.
01:13:28 | INFO  | atomic_chec~| [atomic_save] installed crash-safe checkpoint plugin (write to sibling .tmp + fsync + atomic rename)
01:13:28 | INFO  | utils.py    | Created ViT-tiny from scratch with config: {'hidden_size': 192, 'num_hidden_layers': 12, 'num_attention_heads': 3, 'intermediate_size': 768, 'image_size': 224, 'patch_size': 14}
[sweep reacher d=3] params total=12.64M pred=5.40M params/block=1.799M | train_clips=1783600 val_clips=36400 | max_steps=200000 action_dim=2
/mnt/NAS/home/vg2097/leworld-interp/.venv-ai4ce-fourier/lib/python3.12/site-packages/lance/__init__.py:320: UserWarning: lance is not fork-safe. If you are using multiprocessing, use spawn or forkserver instead.
  warnings.warn(
/home/vg2097/.local/share/uv/python/cpython-3.12.13-linux-x86_64-gnu/lib/python3.12/multiprocessing/popen_fork.py:66: RuntimeWarning: lancedb fork support is experimental: the internal async runtime has been reset in the forked child, but a small chance of deadlock remains if other state was mid-operation at fork time. The 'forkserver' or 'spawn' multiprocessing start method is likely a safer alternative.
  self.pid = os.fork()
/home/vg2097/.local/share/uv/python/cpython-3.12.13-linux-x86_64-gnu/lib/python3.12/multiprocessing/popen_fork.py:66: RuntimeWarning: lancedb fork support is experimental: the internal async runtime has been reset in the forked child, but a small chance of deadlock remains if other state was mid-operation at fork time. The 'forkserver' or 'spawn' multiprocessing start method is likely a safer alternative.
  self.pid = os.fork()
/home/vg2097/.local/share/uv/python/cpython-3.12.13-linux-x86_64-gnu/lib/python3.12/multiprocessing/popen_fork.py:66: RuntimeWarning: lancedb fork support is experimental: the internal async runtime has been reset in the forked child, but a small chance of deadlock remains if other state was mid-operation at fork time. The 'forkserver' or 'spawn' multiprocessing start method is likely a safer alternative.
  self.pid = os.fork()
/home/vg2097/.local/share/uv/python/cpython-3.12.13-linux-x86_64-gnu/lib/python3.12/multiprocessing/popen_fork.py:66: RuntimeWarning: lancedb fork support is experimental: the internal async runtime has been reset in the forked child, but a small chance of deadlock remains if other state was mid-operation at fork time. The 'forkserver' or 'spawn' multiprocessing start method is likely a safer alternative.
  self.pid = os.fork()
/home/vg2097/.local/share/uv/python/cpython-3.12.13-linux-x86_64-gnu/lib/python3.12/multiprocessing/popen_fork.py:66: RuntimeWarning: lancedb fork support is experimental: the internal async runtime has been reset in the forked child, but a small chance of deadlock remains if other state was mid-operation at fork time. The 'forkserver' or 'spawn' multiprocessing start method is likely a safer alternative.
  self.pid = os.fork()
/home/vg2097/.local/share/uv/python/cpython-3.12.13-linux-x86_64-gnu/lib/python3.12/multiprocessing/popen_fork.py:66: RuntimeWarning: lancedb fork support is experimental: the internal async runtime has been reset in the forked child, but a small chance of deadlock remains if other state was mid-operation at fork time. The 'forkserver' or 'spawn' multiprocessing start method is likely a safer alternative.
  self.pid = os.fork()
/home/vg2097/.local/share/uv/python/cpython-3.12.13-linux-x86_64-gnu/lib/python3.12/multiprocessing/popen_fork.py:66: RuntimeWarning: lancedb fork support is experimental: the internal async runtime has been reset in the forked child, but a small chance of deadlock remains if other state was mid-operation at fork time. The 'forkserver' or 'spawn' multiprocessing start method is likely a safer alternative.
  self.pid = os.fork()
/home/vg2097/.local/share/uv/python/cpython-3.12.13-linux-x86_64-gnu/lib/python3.12/multiprocessing/popen_fork.py:66: RuntimeWarning: lancedb fork support is experimental: the internal async runtime has been reset in the forked child, but a small chance of deadlock remains if other state was mid-operation at fork time. The 'forkserver' or 'spawn' multiprocessing start method is likely a safer alternative.
  self.pid = os.fork()
/home/vg2097/.local/share/uv/python/cpython-3.12.13-linux-x86_64-gnu/lib/python3.12/multiprocessing/popen_fork.py:66: RuntimeWarning: lancedb fork support is experimental: the internal async runtime has been reset in the forked child, but a small chance of deadlock remains if other state was mid-operation at fork time. The 'forkserver' or 'spawn' multiprocessing start method is likely a safer alternative.
  self.pid = os.fork()
/home/vg2097/.local/share/uv/python/cpython-3.12.13-linux-x86_64-gnu/lib/python3.12/multiprocessing/popen_fork.py:66: RuntimeWarning: lancedb fork support is experimental: the internal async runtime has been reset in the forked child, but a small chance of deadlock remains if other state was mid-operation at fork time. The 'forkserver' or 'spawn' multiprocessing start method is likely a safer alternative.
  self.pid = os.fork()
/home/vg2097/.local/share/uv/python/cpython-3.12.13-linux-x86_64-gnu/lib/python3.12/multiprocessing/popen_fork.py:66: RuntimeWarning: lancedb fork support is experimental: the internal async runtime has been reset in the forked child, but a small chance of deadlock remains if other state was mid-operation at fork time. The 'forkserver' or 'spawn' multiprocessing start method is likely a safer alternative.
  self.pid = os.fork()
/home/vg2097/.local/share/uv/python/cpython-3.12.13-linux-x86_64-gnu/lib/python3.12/multiprocessing/popen_fork.py:66: RuntimeWarning: lancedb fork support is experimental: the internal async runtime has been reset in the forked child, but a small chance of deadlock remains if other state was mid-operation at fork time. The 'forkserver' or 'spawn' multiprocessing start method is likely a safer alternative.
  self.pid = os.fork()
/home/vg2097/.local/share/uv/python/cpython-3.12.13-linux-x86_64-gnu/lib/python3.12/multiprocessing/popen_fork.py:66: RuntimeWarning: lancedb fork support is experimental: the internal async runtime has been reset in the forked child, but a small chance of deadlock remains if other state was mid-operation at fork time. The 'forkserver' or 'spawn' multiprocessing start method is likely a safer alternative.
  self.pid = os.fork()
/home/vg2097/.local/share/uv/python/cpython-3.12.13-linux-x86_64-gnu/lib/python3.12/multiprocessing/popen_fork.py:66: RuntimeWarning: lancedb fork support is experimental: the internal async runtime has been reset in the forked child, but a small chance of deadlock remains if other state was mid-operation at fork time. The 'forkserver' or 'spawn' multiprocessing start method is likely a safer alternative.
  self.pid = os.fork()
/home/vg2097/.local/share/uv/python/cpython-3.12.13-linux-x86_64-gnu/lib/python3.12/multiprocessing/popen_fork.py:66: RuntimeWarning: lancedb fork support is experimental: the internal async runtime has been reset in the forked child, but a small chance of deadlock remains if other state was mid-operation at fork time. The 'forkserver' or 'spawn' multiprocessing start method is likely a safer alternative.
  self.pid = os.fork()
/home/vg2097/.local/share/uv/python/cpython-3.12.13-linux-x86_64-gnu/lib/python3.12/multiprocessing/popen_fork.py:66: RuntimeWarning: lancedb fork support is experimental: the internal async runtime has been reset in the forked child, but a small chance of deadlock remains if other state was mid-operation at fork time. The 'forkserver' or 'spawn' multiprocessing start method is likely a safer alternative.
  self.pid = os.fork()
/home/vg2097/.local/share/uv/python/cpython-3.12.13-linux-x86_64-gnu/lib/python3.12/multiprocessing/popen_fork.py:66: RuntimeWarning: lancedb fork support is experimental: the internal async runtime has been reset in the forked child, but a small chance of deadlock remains if other state was mid-operation at fork time. The 'forkserver' or 'spawn' multiprocessing start method is likely a safer alternative.
  self.pid = os.fork()
/home/vg2097/.local/share/uv/python/cpython-3.12.13-linux-x86_64-gnu/lib/python3.12/multiprocessing/popen_fork.py:66: RuntimeWarning: lancedb fork support is experimental: the internal async runtime has been reset in the forked child, but a small chance of deadlock remains if other state was mid-operation at fork time. The 'forkserver' or 'spawn' multiprocessing start method is likely a safer alternative.
  self.pid = os.fork()
/mnt/NAS/home/vg2097/leworld-interp/src/leworld_interp/pixelcache.py:180: UserWarning: The given NumPy array is not writable, and PyTorch does not support non-writable tensors. This means writing to this tensor will result in undefined behavior. You may want to copy the array to protect its data or make it writable before converting it to a tensor. This type of warning will be suppressed for the rest of this program. (Triggered internally at /pytorch/torch/csrc/utils/tensor_numpy.cpp:203.)
  action = torch.from_numpy(np.ascontiguousarray(a)).reshape(self.num_steps, -1).float()
/mnt/NAS/home/vg2097/leworld-interp/src/leworld_interp/pixelcache.py:180: UserWarning: The given NumPy array is not writable, and PyTorch does not support non-writable tensors. This means writing to this tensor will result in undefined behavior. You may want to copy the array to protect its data or make it writable before converting it to a tensor. This type of warning will be suppressed for the rest of this program. (Triggered internally at /pytorch/torch/csrc/utils/tensor_numpy.cpp:203.)
  action = torch.from_numpy(np.ascontiguousarray(a)).reshape(self.num_steps, -1).float()
/mnt/NAS/home/vg2097/leworld-interp/src/leworld_interp/pixelcache.py:180: UserWarning: The given NumPy array is not writable, and PyTorch does not support non-writable tensors. This means writing to this tensor will result in undefined behavior. You may want to copy the array to protect its data or make it writable before converting it to a tensor. This type of warning will be suppressed for the rest of this program. (Triggered internally at /pytorch/torch/csrc/utils/tensor_numpy.cpp:203.)
  action = torch.from_numpy(np.ascontiguousarray(a)).reshape(self.num_steps, -1).float()
/mnt/NAS/home/vg2097/leworld-interp/src/leworld_interp/pixelcache.py:180: UserWarning: The given NumPy array is not writable, and PyTorch does not support non-writable tensors. This means writing to this tensor will result in undefined behavior. You may want to copy the array to protect its data or make it writable before converting it to a tensor. This type of warning will be suppressed for the rest of this program. (Triggered internally at /pytorch/torch/csrc/utils/tensor_numpy.cpp:203.)
  action = torch.from_numpy(np.ascontiguousarray(a)).reshape(self.num_steps, -1).float()
/mnt/NAS/home/vg2097/leworld-interp/src/leworld_interp/pixelcache.py:180: UserWarning: The given NumPy array is not writable, and PyTorch does not support non-writable tensors. This means writing to this tensor will result in undefined behavior. You may want to copy the array to protect its data or make it writable before converting it to a tensor. This type of warning will be suppressed for the rest of this program. (Triggered internally at /pytorch/torch/csrc/utils/tensor_numpy.cpp:203.)
  action = torch.from_numpy(np.ascontiguousarray(a)).reshape(self.num_steps, -1).float()
/mnt/NAS/home/vg2097/leworld-interp/src/leworld_interp/pixelcache.py:180: UserWarning: The given NumPy array is not writable, and PyTorch does not support non-writable tensors. This means writing to this tensor will result in undefined behavior. You may want to copy the array to protect its data or make it writable before converting it to a tensor. This type of warning will be suppressed for the rest of this program. (Triggered internally at /pytorch/torch/csrc/utils/tensor_numpy.cpp:203.)
  action = torch.from_numpy(np.ascontiguousarray(a)).reshape(self.num_steps, -1).float()
/mnt/NAS/home/vg2097/leworld-interp/src/leworld_interp/pixelcache.py:180: UserWarning: The given NumPy array is not writable, and PyTorch does not support non-writable tensors. This means writing to this tensor will result in undefined behavior. You may want to copy the array to protect its data or make it writable before converting it to a tensor. This type of warning will be suppressed for the rest of this program. (Triggered internally at /pytorch/torch/csrc/utils/tensor_numpy.cpp:203.)
  action = torch.from_numpy(np.ascontiguousarray(a)).reshape(self.num_steps, -1).float()
/mnt/NAS/home/vg2097/leworld-interp/src/leworld_interp/pixelcache.py:180: UserWarning: The given NumPy array is not writable, and PyTorch does not support non-writable tensors. This means writing to this tensor will result in undefined behavior. You may want to copy the array to protect its data or make it writable before converting it to a tensor. This type of warning will be suppressed for the rest of this program. (Triggered internally at /pytorch/torch/csrc/utils/tensor_numpy.cpp:203.)
  action = torch.from_numpy(np.ascontiguousarray(a)).reshape(self.num_steps, -1).float()
/mnt/NAS/home/vg2097/leworld-interp/src/leworld_interp/pixelcache.py:180: UserWarning: The given NumPy array is not writable, and PyTorch does not support non-writable tensors. This means writing to this tensor will result in undefined behavior. You may want to copy the array to protect its data or make it writable before converting it to a tensor. This type of warning will be suppressed for the rest of this program. (Triggered internally at /pytorch/torch/csrc/utils/tensor_numpy.cpp:203.)
  action = torch.from_numpy(np.ascontiguousarray(a)).reshape(self.num_steps, -1).float()
/mnt/NAS/home/vg2097/leworld-interp/src/leworld_interp/pixelcache.py:180: UserWarning: The given NumPy array is not writable, and PyTorch does not support non-writable tensors. This means writing to this tensor will result in undefined behavior. You may want to copy the array to protect its data or make it writable before converting it to a tensor. This type of warning will be suppressed for the rest of this program. (Triggered internally at /pytorch/torch/csrc/utils/tensor_numpy.cpp:203.)
  action = torch.from_numpy(np.ascontiguousarray(a)).reshape(self.num_steps, -1).float()
/mnt/NAS/home/vg2097/leworld-interp/src/leworld_interp/pixelcache.py:180: UserWarning: The given NumPy array is not writable, and PyTorch does not support non-writable tensors. This means writing to this tensor will result in undefined behavior. You may want to copy the array to protect its data or make it writable before converting it to a tensor. This type of warning will be suppressed for the rest of this program. (Triggered internally at /pytorch/torch/csrc/utils/tensor_numpy.cpp:203.)
  action = torch.from_numpy(np.ascontiguousarray(a)).reshape(self.num_steps, -1).float()
/mnt/NAS/home/vg2097/leworld-interp/src/leworld_interp/pixelcache.py:180: UserWarning: The given NumPy array is not writable, and PyTorch does not support non-writable tensors. This means writing to this tensor will result in undefined behavior. You may want to copy the array to protect its data or make it writable before converting it to a tensor. This type of warning will be suppressed for the rest of this program. (Triggered internally at /pytorch/torch/csrc/utils/tensor_numpy.cpp:203.)
  action = torch.from_numpy(np.ascontiguousarray(a)).reshape(self.num_steps, -1).float()
/mnt/NAS/home/vg2097/leworld-interp/src/leworld_interp/pixelcache.py:180: UserWarning: The given NumPy array is not writable, and PyTorch does not support non-writable tensors. This means writing to this tensor will result in undefined behavior. You may want to copy the array to protect its data or make it writable before converting it to a tensor. This type of warning will be suppressed for the rest of this program. (Triggered internally at /pytorch/torch/csrc/utils/tensor_numpy.cpp:203.)
  action = torch.from_numpy(np.ascontiguousarray(a)).reshape(self.num_steps, -1).float()
/mnt/NAS/home/vg2097/leworld-interp/src/leworld_interp/pixelcache.py:180: UserWarning: The given NumPy array is not writable, and PyTorch does not support non-writable tensors. This means writing to this tensor will result in undefined behavior. You may want to copy the array to protect its data or make it writable before converting it to a tensor. This type of warning will be suppressed for the rest of this program. (Triggered internally at /pytorch/torch/csrc/utils/tensor_numpy.cpp:203.)
  action = torch.from_numpy(np.ascontiguousarray(a)).reshape(self.num_steps, -1).float()
/mnt/NAS/home/vg2097/leworld-interp/src/leworld_interp/pixelcache.py:180: UserWarning: The given NumPy array is not writable, and PyTorch does not support non-writable tensors. This means writing to this tensor will result in undefined behavior. You may want to copy the array to protect its data or make it writable before converting it to a tensor. This type of warning will be suppressed for the rest of this program. (Triggered internally at /pytorch/torch/csrc/utils/tensor_numpy.cpp:203.)
  action = torch.from_numpy(np.ascontiguousarray(a)).reshape(self.num_steps, -1).float()
/mnt/NAS/home/vg2097/leworld-interp/src/leworld_interp/pixelcache.py:180: UserWarning: The given NumPy array is not writable, and PyTorch does not support non-writable tensors. This means writing to this tensor will result in undefined behavior. You may want to copy the array to protect its data or make it writable before converting it to a tensor. This type of warning will be suppressed for the rest of this program. (Triggered internally at /pytorch/torch/csrc/utils/tensor_numpy.cpp:203.)
  action = torch.from_numpy(np.ascontiguousarray(a)).reshape(self.num_steps, -1).float()
/mnt/NAS/home/vg2097/leworld-interp/src/leworld_interp/pixelcache.py:180: UserWarning: The given NumPy array is not writable, and PyTorch does not support non-writable tensors. This means writing to this tensor will result in undefined behavior. You may want to copy the array to protect its data or make it writable before converting it to a tensor. This type of warning will be suppressed for the rest of this program. (Triggered internally at /pytorch/torch/csrc/utils/tensor_numpy.cpp:203.)
  action = torch.from_numpy(np.ascontiguousarray(a)).reshape(self.num_steps, -1).float()
/mnt/NAS/home/vg2097/leworld-interp/src/leworld_interp/pixelcache.py:180: UserWarning: The given NumPy array is not writable, and PyTorch does not support non-writable tensors. This means writing to this tensor will result in undefined behavior. You may want to copy the array to protect its data or make it writable before converting it to a tensor. This type of warning will be suppressed for the rest of this program. (Triggered internally at /pytorch/torch/csrc/utils/tensor_numpy.cpp:203.)
  action = torch.from_numpy(np.ascontiguousarray(a)).reshape(self.num_steps, -1).float()
  [reacher d3] step 1000/200000 loss=0.8331 pred=0.3058 lr=1.25e-05
  [reacher d3] step 2000/200000 loss=0.4254 pred=0.0934 lr=2.50e-05
  [reacher d3] step 3000/200000 loss=0.3114 pred=0.0692 lr=3.75e-05
  [reacher d3] step 4000/200000 loss=0.2669 pred=0.0569 lr=5.00e-05
  [reacher d3] step 5000/200000 loss=0.2368 pred=0.0493 lr=5.00e-05
/home/vg2097/.local/share/uv/python/cpython-3.12.13-linux-x86_64-gnu/lib/python3.12/multiprocessing/popen_fork.py:66: RuntimeWarning: lancedb fork support is experimental: the internal async runtime has been reset in the forked child, but a small chance of deadlock remains if other state was mid-operation at fork time. The 'forkserver' or 'spawn' multiprocessing start method is likely a safer alternative.
  self.pid = os.fork()
/home/vg2097/.local/share/uv/python/cpython-3.12.13-linux-x86_64-gnu/lib/python3.12/multiprocessing/popen_fork.py:66: RuntimeWarning: lancedb fork support is experimental: the internal async runtime has been reset in the forked child, but a small chance of deadlock remains if other state was mid-operation at fork time. The 'forkserver' or 'spawn' multiprocessing start method is likely a safer alternative.
  self.pid = os.fork()
/home/vg2097/.local/share/uv/python/cpython-3.12.13-linux-x86_64-gnu/lib/python3.12/multiprocessing/popen_fork.py:66: RuntimeWarning: lancedb fork support is experimental: the internal async runtime has been reset in the forked child, but a small chance of deadlock remains if other state was mid-operation at fork time. The 'forkserver' or 'spawn' multiprocessing start method is likely a safer alternative.
  self.pid = os.fork()
/mnt/NAS/home/vg2097/leworld-interp/src/leworld_interp/pixelcache.py:180: UserWarning: The given NumPy array is not writable, and PyTorch does not support non-writable tensors. This means writing to this tensor will result in undefined behavior. You may want to copy the array to protect its data or make it writable before converting it to a tensor. This type of warning will be suppressed for the rest of this program. (Triggered internally at /pytorch/torch/csrc/utils/tensor_numpy.cpp:203.)
  action = torch.from_numpy(np.ascontiguousarray(a)).reshape(self.num_steps, -1).float()
/mnt/NAS/home/vg2097/leworld-interp/src/leworld_interp/pixelcache.py:180: UserWarning: The given NumPy array is not writable, and PyTorch does not support non-writable tensors. This means writing to this tensor will result in undefined behavior. You may want to copy the array to protect its data or make it writable before converting it to a tensor. This type of warning will be suppressed for the rest of this program. (Triggered internally at /pytorch/torch/csrc/utils/tensor_numpy.cpp:203.)
  action = torch.from_numpy(np.ascontiguousarray(a)).reshape(self.num_steps, -1).float()
/mnt/NAS/home/vg2097/leworld-interp/src/leworld_interp/pixelcache.py:180: UserWarning: The given NumPy array is not writable, and PyTorch does not support non-writable tensors. This means writing to this tensor will result in undefined behavior. You may want to copy the array to protect its data or make it writable before converting it to a tensor. This type of warning will be suppressed for the rest of this program. (Triggered internally at /pytorch/torch/csrc/utils/tensor_numpy.cpp:203.)
  action = torch.from_numpy(np.ascontiguousarray(a)).reshape(self.num_steps, -1).float()
  [eval reacher d3] step 5000 rel=0.1486 (1.6x persist) best=0.1486
  [reacher d3] step 6000/200000 loss=0.2268 pred=0.0501 lr=5.00e-05
  [reacher d3] step 7000/200000 loss=0.2096 pred=0.0426 lr=5.00e-05
  [reacher d3] step 8000/200000 loss=0.2000 pred=0.0447 lr=4.99e-05
  [reacher d3] step 9000/200000 loss=0.1917 pred=0.0394 lr=4.99e-05
  [reacher d3] step 10000/200000 loss=0.1875 pred=0.0411 lr=4.99e-05
/home/vg2097/.local/share/uv/python/cpython-3.12.13-linux-x86_64-gnu/lib/python3.12/multiprocessing/popen_fork.py:66: RuntimeWarning: lancedb fork support is experimental: the internal async runtime has been reset in the forked child, but a small chance of deadlock remains if other state was mid-operation at fork time. The 'forkserver' or 'spawn' multiprocessing start method is likely a safer alternative.
  self.pid = os.fork()
/home/vg2097/.local/share/uv/python/cpython-3.12.13-linux-x86_64-gnu/lib/python3.12/multiprocessing/popen_fork.py:66: RuntimeWarning: lancedb fork support is experimental: the internal async runtime has been reset in the forked child, but a small chance of deadlock remains if other state was mid-operation at fork time. The 'forkserver' or 'spawn' multiprocessing start method is likely a safer alternative.
  self.pid = os.fork()
/home/vg2097/.local/share/uv/python/cpython-3.12.13-linux-x86_64-gnu/lib/python3.12/multiprocessing/popen_fork.py:66: RuntimeWarning: lancedb fork support is experimental: the internal async runtime has been reset in the forked child, but a small chance of deadlock remains if other state was mid-operation at fork time. The 'forkserver' or 'spawn' multiprocessing start method is likely a safer alternative.
  self.pid = os.fork()
/mnt/NAS/home/vg2097/leworld-interp/src/leworld_interp/pixelcache.py:180: UserWarning: The given NumPy array is not writable, and PyTorch does not support non-writable tensors. This means writing to this tensor will result in undefined behavior. You may want to copy the array to protect its data or make it writable before converting it to a tensor. This type of warning will be suppressed for the rest of this program. (Triggered internally at /pytorch/torch/csrc/utils/tensor_numpy.cpp:203.)
  action = torch.from_numpy(np.ascontiguousarray(a)).reshape(self.num_steps, -1).float()
/mnt/NAS/home/vg2097/leworld-interp/src/leworld_interp/pixelcache.py:180: UserWarning: The given NumPy array is not writable, and PyTorch does not support non-writable tensors. This means writing to this tensor will result in undefined behavior. You may want to copy the array to protect its data or make it writable before converting it to a tensor. This type of warning will be suppressed for the rest of this program. (Triggered internally at /pytorch/torch/csrc/utils/tensor_numpy.cpp:203.)
  action = torch.from_numpy(np.ascontiguousarray(a)).reshape(self.num_steps, -1).float()
/mnt/NAS/home/vg2097/leworld-interp/src/leworld_interp/pixelcache.py:180: UserWarning: The given NumPy array is not writable, and PyTorch does not support non-writable tensors. This means writing to this tensor will result in undefined behavior. You may want to copy the array to protect its data or make it writable before converting it to a tensor. This type of warning will be suppressed for the rest of this program. (Triggered internally at /pytorch/torch/csrc/utils/tensor_numpy.cpp:203.)
  action = torch.from_numpy(np.ascontiguousarray(a)).reshape(self.num_steps, -1).float()
  [eval reacher d3] step 10000 rel=0.1417 (1.8x persist) best=0.1417
  [reacher d3] step 11000/200000 loss=0.2016 pred=0.0453 lr=4.98e-05
  [reacher d3] step 12000/200000 loss=0.1830 pred=0.0404 lr=4.98e-05
  [reacher d3] step 13000/200000 loss=0.1897 pred=0.0383 lr=4.97e-05
  [reacher d3] step 14000/200000 loss=0.1933 pred=0.0439 lr=4.97e-05
  [reacher d3] step 15000/200000 loss=0.1649 pred=0.0331 lr=4.96e-05
/home/vg2097/.local/share/uv/python/cpython-3.12.13-linux-x86_64-gnu/lib/python3.12/multiprocessing/popen_fork.py:66: RuntimeWarning: lancedb fork support is experimental: the internal async runtime has been reset in the forked child, but a small chance of deadlock remains if other state was mid-operation at fork time. The 'forkserver' or 'spawn' multiprocessing start method is likely a safer alternative.
  self.pid = os.fork()
/home/vg2097/.local/share/uv/python/cpython-3.12.13-linux-x86_64-gnu/lib/python3.12/multiprocessing/popen_fork.py:66: RuntimeWarning: lancedb fork support is experimental: the internal async runtime has been reset in the forked child, but a small chance of deadlock remains if other state was mid-operation at fork time. The 'forkserver' or 'spawn' multiprocessing start method is likely a safer alternative.
  self.pid = os.fork()
/home/vg2097/.local/share/uv/python/cpython-3.12.13-linux-x86_64-gnu/lib/python3.12/multiprocessing/popen_fork.py:66: RuntimeWarning: lancedb fork support is experimental: the internal async runtime has been reset in the forked child, but a small chance of deadlock remains if other state was mid-operation at fork time. The 'forkserver' or 'spawn' multiprocessing start method is likely a safer alternative.
  self.pid = os.fork()
/mnt/NAS/home/vg2097/leworld-interp/src/leworld_interp/pixelcache.py:180: UserWarning: The given NumPy array is not writable, and PyTorch does not support non-writable tensors. This means writing to this tensor will result in undefined behavior. You may want to copy the array to protect its data or make it writable before converting it to a tensor. This type of warning will be suppressed for the rest of this program. (Triggered internally at /pytorch/torch/csrc/utils/tensor_numpy.cpp:203.)
  action = torch.from_numpy(np.ascontiguousarray(a)).reshape(self.num_steps, -1).float()
/mnt/NAS/home/vg2097/leworld-interp/src/leworld_interp/pixelcache.py:180: UserWarning: The given NumPy array is not writable, and PyTorch does not support non-writable tensors. This means writing to this tensor will result in undefined behavior. You may want to copy the array to protect its data or make it writable before converting it to a tensor. This type of warning will be suppressed for the rest of this program. (Triggered internally at /pytorch/torch/csrc/utils/tensor_numpy.cpp:203.)
  action = torch.from_numpy(np.ascontiguousarray(a)).reshape(self.num_steps, -1).float()
/mnt/NAS/home/vg2097/leworld-interp/src/leworld_interp/pixelcache.py:180: UserWarning: The given NumPy array is not writable, and PyTorch does not support non-writable tensors. This means writing to this tensor will result in undefined behavior. You may want to copy the array to protect its data or make it writable before converting it to a tensor. This type of warning will be suppressed for the rest of this program. (Triggered internally at /pytorch/torch/csrc/utils/tensor_numpy.cpp:203.)
  action = torch.from_numpy(np.ascontiguousarray(a)).reshape(self.num_steps, -1).float()
  [eval reacher d3] step 15000 rel=0.1235 (2.4x persist) best=0.1235
  [reacher d3] step 16000/200000 loss=0.1691 pred=0.0373 lr=4.95e-05
  [reacher d3] step 17000/200000 loss=0.1669 pred=0.0370 lr=4.95e-05
  [reacher d3] step 18000/200000 loss=0.1684 pred=0.0366 lr=4.94e-05
  [reacher d3] step 19000/200000 loss=0.1668 pred=0.0350 lr=4.93e-05
  [reacher d3] step 20000/200000 loss=0.1766 pred=0.0398 lr=4.92e-05
/home/vg2097/.local/share/uv/python/cpython-3.12.13-linux-x86_64-gnu/lib/python3.12/multiprocessing/popen_fork.py:66: RuntimeWarning: lancedb fork support is experimental: the internal async runtime has been reset in the forked child, but a small chance of deadlock remains if other state was mid-operation at fork time. The 'forkserver' or 'spawn' multiprocessing start method is likely a safer alternative.
  self.pid = os.fork()
/home/vg2097/.local/share/uv/python/cpython-3.12.13-linux-x86_64-gnu/lib/python3.12/multiprocessing/popen_fork.py:66: RuntimeWarning: lancedb fork support is experimental: the internal async runtime has been reset in the forked child, but a small chance of deadlock remains if other state was mid-operation at fork time. The 'forkserver' or 'spawn' multiprocessing start method is likely a safer alternative.
  self.pid = os.fork()
/home/vg2097/.local/share/uv/python/cpython-3.12.13-linux-x86_64-gnu/lib/python3.12/multiprocessing/popen_fork.py:66: RuntimeWarning: lancedb fork support is experimental: the internal async runtime has been reset in the forked child, but a small chance of deadlock remains if other state was mid-operation at fork time. The 'forkserver' or 'spawn' multiprocessing start method is likely a safer alternative.
  self.pid = os.fork()
/mnt/NAS/home/vg2097/leworld-interp/src/leworld_interp/pixelcache.py:180: UserWarning: The given NumPy array is not writable, and PyTorch does not support non-writable tensors. This means writing to this tensor will result in undefined behavior. You may want to copy the array to protect its data or make it writable before converting it to a tensor. This type of warning will be suppressed for the rest of this program. (Triggered internally at /pytorch/torch/csrc/utils/tensor_numpy.cpp:203.)
  action = torch.from_numpy(np.ascontiguousarray(a)).reshape(self.num_steps, -1).float()
/mnt/NAS/home/vg2097/leworld-interp/src/leworld_interp/pixelcache.py:180: UserWarning: The given NumPy array is not writable, and PyTorch does not support non-writable tensors. This means writing to this tensor will result in undefined behavior. You may want to copy the array to protect its data or make it writable before converting it to a tensor. This type of warning will be suppressed for the rest of this program. (Triggered internally at /pytorch/torch/csrc/utils/tensor_numpy.cpp:203.)
  action = torch.from_numpy(np.ascontiguousarray(a)).reshape(self.num_steps, -1).float()
/mnt/NAS/home/vg2097/leworld-interp/src/leworld_interp/pixelcache.py:180: UserWarning: The given NumPy array is not writable, and PyTorch does not support non-writable tensors. This means writing to this tensor will result in undefined behavior. You may want to copy the array to protect its data or make it writable before converting it to a tensor. This type of warning will be suppressed for the rest of this program. (Triggered internally at /pytorch/torch/csrc/utils/tensor_numpy.cpp:203.)
  action = torch.from_numpy(np.ascontiguousarray(a)).reshape(self.num_steps, -1).float()
  [eval reacher d3] step 20000 rel=0.1426 (1.7x persist) best=0.1235
  [reacher d3] step 21000/200000 loss=0.1778 pred=0.0410 lr=4.91e-05
  [reacher d3] step 22000/200000 loss=0.1735 pred=0.0367 lr=4.90e-05
  [reacher d3] step 23000/200000 loss=0.1754 pred=0.0436 lr=4.88e-05
  [reacher d3] step 24000/200000 loss=0.1700 pred=0.0323 lr=4.87e-05
  [reacher d3] step 25000/200000 loss=0.1678 pred=0.0369 lr=4.86e-05
/home/vg2097/.local/share/uv/python/cpython-3.12.13-linux-x86_64-gnu/lib/python3.12/multiprocessing/popen_fork.py:66: RuntimeWarning: lancedb fork support is experimental: the internal async runtime has been reset in the forked child, but a small chance of deadlock remains if other state was mid-operation at fork time. The 'forkserver' or 'spawn' multiprocessing start method is likely a safer alternative.
  self.pid = os.fork()
/home/vg2097/.local/share/uv/python/cpython-3.12.13-linux-x86_64-gnu/lib/python3.12/multiprocessing/popen_fork.py:66: RuntimeWarning: lancedb fork support is experimental: the internal async runtime has been reset in the forked child, but a small chance of deadlock remains if other state was mid-operation at fork time. The 'forkserver' or 'spawn' multiprocessing start method is likely a safer alternative.
  self.pid = os.fork()
/home/vg2097/.local/share/uv/python/cpython-3.12.13-linux-x86_64-gnu/lib/python3.12/multiprocessing/popen_fork.py:66: RuntimeWarning: lancedb fork support is experimental: the internal async runtime has been reset in the forked child, but a small chance of deadlock remains if other state was mid-operation at fork time. The 'forkserver' or 'spawn' multiprocessing start method is likely a safer alternative.
  self.pid = os.fork()
/mnt/NAS/home/vg2097/leworld-interp/src/leworld_interp/pixelcache.py:180: UserWarning: The given NumPy array is not writable, and PyTorch does not support non-writable tensors. This means writing to this tensor will result in undefined behavior. You may want to copy the array to protect its data or make it writable before converting it to a tensor. This type of warning will be suppressed for the rest of this program. (Triggered internally at /pytorch/torch/csrc/utils/tensor_numpy.cpp:203.)
  action = torch.from_numpy(np.ascontiguousarray(a)).reshape(self.num_steps, -1).float()
/mnt/NAS/home/vg2097/leworld-interp/src/leworld_interp/pixelcache.py:180: UserWarning: The given NumPy array is not writable, and PyTorch does not support non-writable tensors. This means writing to this tensor will result in undefined behavior. You may want to copy the array to protect its data or make it writable before converting it to a tensor. This type of warning will be suppressed for the rest of this program. (Triggered internally at /pytorch/torch/csrc/utils/tensor_numpy.cpp:203.)
  action = torch.from_numpy(np.ascontiguousarray(a)).reshape(self.num_steps, -1).float()
/mnt/NAS/home/vg2097/leworld-interp/src/leworld_interp/pixelcache.py:180: UserWarning: The given NumPy array is not writable, and PyTorch does not support non-writable tensors. This means writing to this tensor will result in undefined behavior. You may want to copy the array to protect its data or make it writable before converting it to a tensor. This type of warning will be suppressed for the rest of this program. (Triggered internally at /pytorch/torch/csrc/utils/tensor_numpy.cpp:203.)
  action = torch.from_numpy(np.ascontiguousarray(a)).reshape(self.num_steps, -1).float()
  [eval reacher d3] step 25000 rel=0.1134 (2.6x persist) best=0.1134
  [reacher d3] step 26000/200000 loss=0.1669 pred=0.0409 lr=4.85e-05
  [reacher d3] step 27000/200000 loss=0.1741 pred=0.0384 lr=4.83e-05
  [reacher d3] step 28000/200000 loss=0.1682 pred=0.0383 lr=4.82e-05
  [reacher d3] step 29000/200000 loss=0.1670 pred=0.0362 lr=4.80e-05
  [reacher d3] step 30000/200000 loss=0.1582 pred=0.0337 lr=4.79e-05
/home/vg2097/.local/share/uv/python/cpython-3.12.13-linux-x86_64-gnu/lib/python3.12/multiprocessing/popen_fork.py:66: RuntimeWarning: lancedb fork support is experimental: the internal async runtime has been reset in the forked child, but a small chance of deadlock remains if other state was mid-operation at fork time. The 'forkserver' or 'spawn' multiprocessing start method is likely a safer alternative.
  self.pid = os.fork()
/home/vg2097/.local/share/uv/python/cpython-3.12.13-linux-x86_64-gnu/lib/python3.12/multiprocessing/popen_fork.py:66: RuntimeWarning: lancedb fork support is experimental: the internal async runtime has been reset in the forked child, but a small chance of deadlock remains if other state was mid-operation at fork time. The 'forkserver' or 'spawn' multiprocessing start method is likely a safer alternative.
  self.pid = os.fork()
/home/vg2097/.local/share/uv/python/cpython-3.12.13-linux-x86_64-gnu/lib/python3.12/multiprocessing/popen_fork.py:66: RuntimeWarning: lancedb fork support is experimental: the internal async runtime has been reset in the forked child, but a small chance of deadlock remains if other state was mid-operation at fork time. The 'forkserver' or 'spawn' multiprocessing start method is likely a safer alternative.
  self.pid = os.fork()
/mnt/NAS/home/vg2097/leworld-interp/src/leworld_interp/pixelcache.py:180: UserWarning: The given NumPy array is not writable, and PyTorch does not support non-writable tensors. This means writing to this tensor will result in undefined behavior. You may want to copy the array to protect its data or make it writable before converting it to a tensor. This type of warning will be suppressed for the rest of this program. (Triggered internally at /pytorch/torch/csrc/utils/tensor_numpy.cpp:203.)
  action = torch.from_numpy(np.ascontiguousarray(a)).reshape(self.num_steps, -1).float()
/mnt/NAS/home/vg2097/leworld-interp/src/leworld_interp/pixelcache.py:180: UserWarning: The given NumPy array is not writable, and PyTorch does not support non-writable tensors. This means writing to this tensor will result in undefined behavior. You may want to copy the array to protect its data or make it writable before converting it to a tensor. This type of warning will be suppressed for the rest of this program. (Triggered internally at /pytorch/torch/csrc/utils/tensor_numpy.cpp:203.)
  action = torch.from_numpy(np.ascontiguousarray(a)).reshape(self.num_steps, -1).float()
/mnt/NAS/home/vg2097/leworld-interp/src/leworld_interp/pixelcache.py:180: UserWarning: The given NumPy array is not writable, and PyTorch does not support non-writable tensors. This means writing to this tensor will result in undefined behavior. You may want to copy the array to protect its data or make it writable before converting it to a tensor. This type of warning will be suppressed for the rest of this program. (Triggered internally at /pytorch/torch/csrc/utils/tensor_numpy.cpp:203.)
  action = torch.from_numpy(np.ascontiguousarray(a)).reshape(self.num_steps, -1).float()
  [eval reacher d3] step 30000 rel=0.1390 (2.0x persist) best=0.1134
  [reacher d3] step 31000/200000 loss=0.1666 pred=0.0377 lr=4.77e-05
  [reacher d3] step 32000/200000 loss=0.1666 pred=0.0377 lr=4.75e-05
  [reacher d3] step 33000/200000 loss=0.1523 pred=0.0307 lr=4.73e-05
  [reacher d3] step 34000/200000 loss=0.1729 pred=0.0401 lr=4.72e-05
  [reacher d3] step 35000/200000 loss=0.1617 pred=0.0347 lr=4.70e-05
/home/vg2097/.local/share/uv/python/cpython-3.12.13-linux-x86_64-gnu/lib/python3.12/multiprocessing/popen_fork.py:66: RuntimeWarning: lancedb fork support is experimental: the internal async runtime has been reset in the forked child, but a small chance of deadlock remains if other state was mid-operation at fork time. The 'forkserver' or 'spawn' multiprocessing start method is likely a safer alternative.
  self.pid = os.fork()
/home/vg2097/.local/share/uv/python/cpython-3.12.13-linux-x86_64-gnu/lib/python3.12/multiprocessing/popen_fork.py:66: RuntimeWarning: lancedb fork support is experimental: the internal async runtime has been reset in the forked child, but a small chance of deadlock remains if other state was mid-operation at fork time. The 'forkserver' or 'spawn' multiprocessing start method is likely a safer alternative.
  self.pid = os.fork()
/home/vg2097/.local/share/uv/python/cpython-3.12.13-linux-x86_64-gnu/lib/python3.12/multiprocessing/popen_fork.py:66: RuntimeWarning: lancedb fork support is experimental: the internal async runtime has been reset in the forked child, but a small chance of deadlock remains if other state was mid-operation at fork time. The 'forkserver' or 'spawn' multiprocessing start method is likely a safer alternative.
  self.pid = os.fork()
/mnt/NAS/home/vg2097/leworld-interp/src/leworld_interp/pixelcache.py:180: UserWarning: The given NumPy array is not writable, and PyTorch does not support non-writable tensors. This means writing to this tensor will result in undefined behavior. You may want to copy the array to protect its data or make it writable before converting it to a tensor. This type of warning will be suppressed for the rest of this program. (Triggered internally at /pytorch/torch/csrc/utils/tensor_numpy.cpp:203.)
  action = torch.from_numpy(np.ascontiguousarray(a)).reshape(self.num_steps, -1).float()
/mnt/NAS/home/vg2097/leworld-interp/src/leworld_interp/pixelcache.py:180: UserWarning: The given NumPy array is not writable, and PyTorch does not support non-writable tensors. This means writing to this tensor will result in undefined behavior. You may want to copy the array to protect its data or make it writable before converting it to a tensor. This type of warning will be suppressed for the rest of this program. (Triggered internally at /pytorch/torch/csrc/utils/tensor_numpy.cpp:203.)
  action = torch.from_numpy(np.ascontiguousarray(a)).reshape(self.num_steps, -1).float()
/mnt/NAS/home/vg2097/leworld-interp/src/leworld_interp/pixelcache.py:180: UserWarning: The given NumPy array is not writable, and PyTorch does not support non-writable tensors. This means writing to this tensor will result in undefined behavior. You may want to copy the array to protect its data or make it writable before converting it to a tensor. This type of warning will be suppressed for the rest of this program. (Triggered internally at /pytorch/torch/csrc/utils/tensor_numpy.cpp:203.)
  action = torch.from_numpy(np.ascontiguousarray(a)).reshape(self.num_steps, -1).float()
  [eval reacher d3] step 35000 rel=0.0950 (3.5x persist) best=0.0950
  [reacher d3] step 36000/200000 loss=0.1622 pred=0.0323 lr=4.68e-05
  [reacher d3] step 37000/200000 loss=0.1585 pred=0.0316 lr=4.66e-05
  [reacher d3] step 38000/200000 loss=0.1590 pred=0.0379 lr=4.64e-05
  [reacher d3] step 39000/200000 loss=0.1576 pred=0.0360 lr=4.62e-05
  [reacher d3] step 40000/200000 loss=0.1549 pred=0.0348 lr=4.60e-05
/home/vg2097/.local/share/uv/python/cpython-3.12.13-linux-x86_64-gnu/lib/python3.12/multiprocessing/popen_fork.py:66: RuntimeWarning: lancedb fork support is experimental: the internal async runtime has been reset in the forked child, but a small chance of deadlock remains if other state was mid-operation at fork time. The 'forkserver' or 'spawn' multiprocessing start method is likely a safer alternative.
  self.pid = os.fork()
/home/vg2097/.local/share/uv/python/cpython-3.12.13-linux-x86_64-gnu/lib/python3.12/multiprocessing/popen_fork.py:66: RuntimeWarning: lancedb fork support is experimental: the internal async runtime has been reset in the forked child, but a small chance of deadlock remains if other state was mid-operation at fork time. The 'forkserver' or 'spawn' multiprocessing start method is likely a safer alternative.
  self.pid = os.fork()
/home/vg2097/.local/share/uv/python/cpython-3.12.13-linux-x86_64-gnu/lib/python3.12/multiprocessing/popen_fork.py:66: RuntimeWarning: lancedb fork support is experimental: the internal async runtime has been reset in the forked child, but a small chance of deadlock remains if other state was mid-operation at fork time. The 'forkserver' or 'spawn' multiprocessing start method is likely a safer alternative.
  self.pid = os.fork()
/mnt/NAS/home/vg2097/leworld-interp/src/leworld_interp/pixelcache.py:180: UserWarning: The given NumPy array is not writable, and PyTorch does not support non-writable tensors. This means writing to this tensor will result in undefined behavior. You may want to copy the array to protect its data or make it writable before converting it to a tensor. This type of warning will be suppressed for the rest of this program. (Triggered internally at /pytorch/torch/csrc/utils/tensor_numpy.cpp:203.)
  action = torch.from_numpy(np.ascontiguousarray(a)).reshape(self.num_steps, -1).float()
/mnt/NAS/home/vg2097/leworld-interp/src/leworld_interp/pixelcache.py:180: UserWarning: The given NumPy array is not writable, and PyTorch does not support non-writable tensors. This means writing to this tensor will result in undefined behavior. You may want to copy the array to protect its data or make it writable before converting it to a tensor. This type of warning will be suppressed for the rest of this program. (Triggered internally at /pytorch/torch/csrc/utils/tensor_numpy.cpp:203.)
  action = torch.from_numpy(np.ascontiguousarray(a)).reshape(self.num_steps, -1).float()
/mnt/NAS/home/vg2097/leworld-interp/src/leworld_interp/pixelcache.py:180: UserWarning: The given NumPy array is not writable, and PyTorch does not support non-writable tensors. This means writing to this tensor will result in undefined behavior. You may want to copy the array to protect its data or make it writable before converting it to a tensor. This type of warning will be suppressed for the rest of this program. (Triggered internally at /pytorch/torch/csrc/utils/tensor_numpy.cpp:203.)
  action = torch.from_numpy(np.ascontiguousarray(a)).reshape(self.num_steps, -1).float()
  [eval reacher d3] step 40000 rel=0.1090 (3.1x persist) best=0.0950
  [reacher d3] step 41000/200000 loss=0.1457 pred=0.0304 lr=4.57e-05
  [reacher d3] step 42000/200000 loss=0.1649 pred=0.0360 lr=4.55e-05
  [reacher d3] step 43000/200000 loss=0.1566 pred=0.0351 lr=4.53e-05
  [reacher d3] step 44000/200000 loss=0.1584 pred=0.0324 lr=4.50e-05
  [reacher d3] step 45000/200000 loss=0.1576 pred=0.0341 lr=4.48e-05
/home/vg2097/.local/share/uv/python/cpython-3.12.13-linux-x86_64-gnu/lib/python3.12/multiprocessing/popen_fork.py:66: RuntimeWarning: lancedb fork support is experimental: the internal async runtime has been reset in the forked child, but a small chance of deadlock remains if other state was mid-operation at fork time. The 'forkserver' or 'spawn' multiprocessing start method is likely a safer alternative.
  self.pid = os.fork()
/home/vg2097/.local/share/uv/python/cpython-3.12.13-linux-x86_64-gnu/lib/python3.12/multiprocessing/popen_fork.py:66: RuntimeWarning: lancedb fork support is experimental: the internal async runtime has been reset in the forked child, but a small chance of deadlock remains if other state was mid-operation at fork time. The 'forkserver' or 'spawn' multiprocessing start method is likely a safer alternative.
  self.pid = os.fork()
/home/vg2097/.local/share/uv/python/cpython-3.12.13-linux-x86_64-gnu/lib/python3.12/multiprocessing/popen_fork.py:66: RuntimeWarning: lancedb fork support is experimental: the internal async runtime has been reset in the forked child, but a small chance of deadlock remains if other state was mid-operation at fork time. The 'forkserver' or 'spawn' multiprocessing start method is likely a safer alternative.
  self.pid = os.fork()
/mnt/NAS/home/vg2097/leworld-interp/src/leworld_interp/pixelcache.py:180: UserWarning: The given NumPy array is not writable, and PyTorch does not support non-writable tensors. This means writing to this tensor will result in undefined behavior. You may want to copy the array to protect its data or make it writable before converting it to a tensor. This type of warning will be suppressed for the rest of this program. (Triggered internally at /pytorch/torch/csrc/utils/tensor_numpy.cpp:203.)
  action = torch.from_numpy(np.ascontiguousarray(a)).reshape(self.num_steps, -1).float()
/mnt/NAS/home/vg2097/leworld-interp/src/leworld_interp/pixelcache.py:180: UserWarning: The given NumPy array is not writable, and PyTorch does not support non-writable tensors. This means writing to this tensor will result in undefined behavior. You may want to copy the array to protect its data or make it writable before converting it to a tensor. This type of warning will be suppressed for the rest of this program. (Triggered internally at /pytorch/torch/csrc/utils/tensor_numpy.cpp:203.)
  action = torch.from_numpy(np.ascontiguousarray(a)).reshape(self.num_steps, -1).float()
/mnt/NAS/home/vg2097/leworld-interp/src/leworld_interp/pixelcache.py:180: UserWarning: The given NumPy array is not writable, and PyTorch does not support non-writable tensors. This means writing to this tensor will result in undefined behavior. You may want to copy the array to protect its data or make it writable before converting it to a tensor. This type of warning will be suppressed for the rest of this program. (Triggered internally at /pytorch/torch/csrc/utils/tensor_numpy.cpp:203.)
  action = torch.from_numpy(np.ascontiguousarray(a)).reshape(self.num_steps, -1).float()
  [eval reacher d3] step 45000 rel=0.0747 (4.9x persist) best=0.0747
  [reacher d3] step 46000/200000 loss=0.1566 pred=0.0355 lr=4.45e-05
  [reacher d3] step 47000/200000 loss=0.1586 pred=0.0336 lr=4.43e-05
  [reacher d3] step 48000/200000 loss=0.1420 pred=0.0267 lr=4.40e-05
  [reacher d3] step 49000/200000 loss=0.1488 pred=0.0306 lr=4.38e-05
  [reacher d3] step 50000/200000 loss=0.1443 pred=0.0325 lr=4.35e-05
/home/vg2097/.local/share/uv/python/cpython-3.12.13-linux-x86_64-gnu/lib/python3.12/multiprocessing/popen_fork.py:66: RuntimeWarning: lancedb fork support is experimental: the internal async runtime has been reset in the forked child, but a small chance of deadlock remains if other state was mid-operation at fork time. The 'forkserver' or 'spawn' multiprocessing start method is likely a safer alternative.
  self.pid = os.fork()
/home/vg2097/.local/share/uv/python/cpython-3.12.13-linux-x86_64-gnu/lib/python3.12/multiprocessing/popen_fork.py:66: RuntimeWarning: lancedb fork support is experimental: the internal async runtime has been reset in the forked child, but a small chance of deadlock remains if other state was mid-operation at fork time. The 'forkserver' or 'spawn' multiprocessing start method is likely a safer alternative.
  self.pid = os.fork()
/home/vg2097/.local/share/uv/python/cpython-3.12.13-linux-x86_64-gnu/lib/python3.12/multiprocessing/popen_fork.py:66: RuntimeWarning: lancedb fork support is experimental: the internal async runtime has been reset in the forked child, but a small chance of deadlock remains if other state was mid-operation at fork time. The 'forkserver' or 'spawn' multiprocessing start method is likely a safer alternative.
  self.pid = os.fork()
/mnt/NAS/home/vg2097/leworld-interp/src/leworld_interp/pixelcache.py:180: UserWarning: The given NumPy array is not writable, and PyTorch does not support non-writable tensors. This means writing to this tensor will result in undefined behavior. You may want to copy the array to protect its data or make it writable before converting it to a tensor. This type of warning will be suppressed for the rest of this program. (Triggered internally at /pytorch/torch/csrc/utils/tensor_numpy.cpp:203.)
  action = torch.from_numpy(np.ascontiguousarray(a)).reshape(self.num_steps, -1).float()
/mnt/NAS/home/vg2097/leworld-interp/src/leworld_interp/pixelcache.py:180: UserWarning: The given NumPy array is not writable, and PyTorch does not support non-writable tensors. This means writing to this tensor will result in undefined behavior. You may want to copy the array to protect its data or make it writable before converting it to a tensor. This type of warning will be suppressed for the rest of this program. (Triggered internally at /pytorch/torch/csrc/utils/tensor_numpy.cpp:203.)
  action = torch.from_numpy(np.ascontiguousarray(a)).reshape(self.num_steps, -1).float()
/mnt/NAS/home/vg2097/leworld-interp/src/leworld_interp/pixelcache.py:180: UserWarning: The given NumPy array is not writable, and PyTorch does not support non-writable tensors. This means writing to this tensor will result in undefined behavior. You may want to copy the array to protect its data or make it writable before converting it to a tensor. This type of warning will be suppressed for the rest of this program. (Triggered internally at /pytorch/torch/csrc/utils/tensor_numpy.cpp:203.)
  action = torch.from_numpy(np.ascontiguousarray(a)).reshape(self.num_steps, -1).float()
  [eval reacher d3] step 50000 rel=0.0839 (4.2x persist) best=0.0747
  [reacher d3] step 51000/200000 loss=0.1475 pred=0.0293 lr=4.32e-05
  [reacher d3] step 52000/200000 loss=0.1689 pred=0.0410 lr=4.30e-05
  [reacher d3] step 53000/200000 loss=0.1437 pred=0.0323 lr=4.27e-05
  [reacher d3] step 54000/200000 loss=0.1557 pred=0.0341 lr=4.24e-05
  [reacher d3] step 55000/200000 loss=0.1588 pred=0.0338 lr=4.21e-05
/home/vg2097/.local/share/uv/python/cpython-3.12.13-linux-x86_64-gnu/lib/python3.12/multiprocessing/popen_fork.py:66: RuntimeWarning: lancedb fork support is experimental: the internal async runtime has been reset in the forked child, but a small chance of deadlock remains if other state was mid-operation at fork time. The 'forkserver' or 'spawn' multiprocessing start method is likely a safer alternative.
  self.pid = os.fork()
/home/vg2097/.local/share/uv/python/cpython-3.12.13-linux-x86_64-gnu/lib/python3.12/multiprocessing/popen_fork.py:66: RuntimeWarning: lancedb fork support is experimental: the internal async runtime has been reset in the forked child, but a small chance of deadlock remains if other state was mid-operation at fork time. The 'forkserver' or 'spawn' multiprocessing start method is likely a safer alternative.
  self.pid = os.fork()
/home/vg2097/.local/share/uv/python/cpython-3.12.13-linux-x86_64-gnu/lib/python3.12/multiprocessing/popen_fork.py:66: RuntimeWarning: lancedb fork support is experimental: the internal async runtime has been reset in the forked child, but a small chance of deadlock remains if other state was mid-operation at fork time. The 'forkserver' or 'spawn' multiprocessing start method is likely a safer alternative.
  self.pid = os.fork()
/mnt/NAS/home/vg2097/leworld-interp/src/leworld_interp/pixelcache.py:180: UserWarning: The given NumPy array is not writable, and PyTorch does not support non-writable tensors. This means writing to this tensor will result in undefined behavior. You may want to copy the array to protect its data or make it writable before converting it to a tensor. This type of warning will be suppressed for the rest of this program. (Triggered internally at /pytorch/torch/csrc/utils/tensor_numpy.cpp:203.)
  action = torch.from_numpy(np.ascontiguousarray(a)).reshape(self.num_steps, -1).float()
/mnt/NAS/home/vg2097/leworld-interp/src/leworld_interp/pixelcache.py:180: UserWarning: The given NumPy array is not writable, and PyTorch does not support non-writable tensors. This means writing to this tensor will result in undefined behavior. You may want to copy the array to protect its data or make it writable before converting it to a tensor. This type of warning will be suppressed for the rest of this program. (Triggered internally at /pytorch/torch/csrc/utils/tensor_numpy.cpp:203.)
  action = torch.from_numpy(np.ascontiguousarray(a)).reshape(self.num_steps, -1).float()
/mnt/NAS/home/vg2097/leworld-interp/src/leworld_interp/pixelcache.py:180: UserWarning: The given NumPy array is not writable, and PyTorch does not support non-writable tensors. This means writing to this tensor will result in undefined behavior. You may want to copy the array to protect its data or make it writable before converting it to a tensor. This type of warning will be suppressed for the rest of this program. (Triggered internally at /pytorch/torch/csrc/utils/tensor_numpy.cpp:203.)
  action = torch.from_numpy(np.ascontiguousarray(a)).reshape(self.num_steps, -1).float()
  [eval reacher d3] step 55000 rel=0.0925 (3.9x persist) best=0.0747
  [reacher d3] step 56000/200000 loss=0.1569 pred=0.0338 lr=4.18e-05
  [reacher d3] step 57000/200000 loss=0.1569 pred=0.0324 lr=4.15e-05
  [reacher d3] step 58000/200000 loss=0.1445 pred=0.0297 lr=4.12e-05
  [reacher d3] step 59000/200000 loss=0.1517 pred=0.0301 lr=4.09e-05
  [reacher d3] step 60000/200000 loss=0.1573 pred=0.0328 lr=4.06e-05
/home/vg2097/.local/share/uv/python/cpython-3.12.13-linux-x86_64-gnu/lib/python3.12/multiprocessing/popen_fork.py:66: RuntimeWarning: lancedb fork support is experimental: the internal async runtime has been reset in the forked child, but a small chance of deadlock remains if other state was mid-operation at fork time. The 'forkserver' or 'spawn' multiprocessing start method is likely a safer alternative.
  self.pid = os.fork()
/home/vg2097/.local/share/uv/python/cpython-3.12.13-linux-x86_64-gnu/lib/python3.12/multiprocessing/popen_fork.py:66: RuntimeWarning: lancedb fork support is experimental: the internal async runtime has been reset in the forked child, but a small chance of deadlock remains if other state was mid-operation at fork time. The 'forkserver' or 'spawn' multiprocessing start method is likely a safer alternative.
  self.pid = os.fork()
/home/vg2097/.local/share/uv/python/cpython-3.12.13-linux-x86_64-gnu/lib/python3.12/multiprocessing/popen_fork.py:66: RuntimeWarning: lancedb fork support is experimental: the internal async runtime has been reset in the forked child, but a small chance of deadlock remains if other state was mid-operation at fork time. The 'forkserver' or 'spawn' multiprocessing start method is likely a safer alternative.
  self.pid = os.fork()
/mnt/NAS/home/vg2097/leworld-interp/src/leworld_interp/pixelcache.py:180: UserWarning: The given NumPy array is not writable, and PyTorch does not support non-writable tensors. This means writing to this tensor will result in undefined behavior. You may want to copy the array to protect its data or make it writable before converting it to a tensor. This type of warning will be suppressed for the rest of this program. (Triggered internally at /pytorch/torch/csrc/utils/tensor_numpy.cpp:203.)
  action = torch.from_numpy(np.ascontiguousarray(a)).reshape(self.num_steps, -1).float()
/mnt/NAS/home/vg2097/leworld-interp/src/leworld_interp/pixelcache.py:180: UserWarning: The given NumPy array is not writable, and PyTorch does not support non-writable tensors. This means writing to this tensor will result in undefined behavior. You may want to copy the array to protect its data or make it writable before converting it to a tensor. This type of warning will be suppressed for the rest of this program. (Triggered internally at /pytorch/torch/csrc/utils/tensor_numpy.cpp:203.)
  action = torch.from_numpy(np.ascontiguousarray(a)).reshape(self.num_steps, -1).float()
/mnt/NAS/home/vg2097/leworld-interp/src/leworld_interp/pixelcache.py:180: UserWarning: The given NumPy array is not writable, and PyTorch does not support non-writable tensors. This means writing to this tensor will result in undefined behavior. You may want to copy the array to protect its data or make it writable before converting it to a tensor. This type of warning will be suppressed for the rest of this program. (Triggered internally at /pytorch/torch/csrc/utils/tensor_numpy.cpp:203.)
  action = torch.from_numpy(np.ascontiguousarray(a)).reshape(self.num_steps, -1).float()
  [eval reacher d3] step 60000 rel=0.0834 (4.5x persist) best=0.0747
  [reacher d3] step 61000/200000 loss=0.1521 pred=0.0310 lr=4.03e-05
  [reacher d3] step 62000/200000 loss=0.1468 pred=0.0306 lr=4.00e-05
  [reacher d3] step 63000/200000 loss=0.1554 pred=0.0338 lr=3.96e-05
  [reacher d3] step 64000/200000 loss=0.1535 pred=0.0309 lr=3.93e-05
  [reacher d3] step 65000/200000 loss=0.1551 pred=0.0325 lr=3.90e-05
/home/vg2097/.local/share/uv/python/cpython-3.12.13-linux-x86_64-gnu/lib/python3.12/multiprocessing/popen_fork.py:66: RuntimeWarning: lancedb fork support is experimental: the internal async runtime has been reset in the forked child, but a small chance of deadlock remains if other state was mid-operation at fork time. The 'forkserver' or 'spawn' multiprocessing start method is likely a safer alternative.
  self.pid = os.fork()
/home/vg2097/.local/share/uv/python/cpython-3.12.13-linux-x86_64-gnu/lib/python3.12/multiprocessing/popen_fork.py:66: RuntimeWarning: lancedb fork support is experimental: the internal async runtime has been reset in the forked child, but a small chance of deadlock remains if other state was mid-operation at fork time. The 'forkserver' or 'spawn' multiprocessing start method is likely a safer alternative.
  self.pid = os.fork()
/home/vg2097/.local/share/uv/python/cpython-3.12.13-linux-x86_64-gnu/lib/python3.12/multiprocessing/popen_fork.py:66: RuntimeWarning: lancedb fork support is experimental: the internal async runtime has been reset in the forked child, but a small chance of deadlock remains if other state was mid-operation at fork time. The 'forkserver' or 'spawn' multiprocessing start method is likely a safer alternative.
  self.pid = os.fork()
/mnt/NAS/home/vg2097/leworld-interp/src/leworld_interp/pixelcache.py:180: UserWarning: The given NumPy array is not writable, and PyTorch does not support non-writable tensors. This means writing to this tensor will result in undefined behavior. You may want to copy the array to protect its data or make it writable before converting it to a tensor. This type of warning will be suppressed for the rest of this program. (Triggered internally at /pytorch/torch/csrc/utils/tensor_numpy.cpp:203.)
  action = torch.from_numpy(np.ascontiguousarray(a)).reshape(self.num_steps, -1).float()
/mnt/NAS/home/vg2097/leworld-interp/src/leworld_interp/pixelcache.py:180: UserWarning: The given NumPy array is not writable, and PyTorch does not support non-writable tensors. This means writing to this tensor will result in undefined behavior. You may want to copy the array to protect its data or make it writable before converting it to a tensor. This type of warning will be suppressed for the rest of this program. (Triggered internally at /pytorch/torch/csrc/utils/tensor_numpy.cpp:203.)
  action = torch.from_numpy(np.ascontiguousarray(a)).reshape(self.num_steps, -1).float()
/mnt/NAS/home/vg2097/leworld-interp/src/leworld_interp/pixelcache.py:180: UserWarning: The given NumPy array is not writable, and PyTorch does not support non-writable tensors. This means writing to this tensor will result in undefined behavior. You may want to copy the array to protect its data or make it writable before converting it to a tensor. This type of warning will be suppressed for the rest of this program. (Triggered internally at /pytorch/torch/csrc/utils/tensor_numpy.cpp:203.)
  action = torch.from_numpy(np.ascontiguousarray(a)).reshape(self.num_steps, -1).float()
  [eval reacher d3] step 65000 rel=0.0509 (7.8x persist) best=0.0509
  [reacher d3] step 66000/200000 loss=0.1568 pred=0.0299 lr=3.86e-05
  [reacher d3] step 67000/200000 loss=0.1581 pred=0.0311 lr=3.83e-05
  [reacher d3] step 68000/200000 loss=0.1497 pred=0.0311 lr=3.80e-05
  [reacher d3] step 69000/200000 loss=0.1475 pred=0.0308 lr=3.76e-05
  [reacher d3] step 70000/200000 loss=0.1461 pred=0.0314 lr=3.73e-05
/home/vg2097/.local/share/uv/python/cpython-3.12.13-linux-x86_64-gnu/lib/python3.12/multiprocessing/popen_fork.py:66: RuntimeWarning: lancedb fork support is experimental: the internal async runtime has been reset in the forked child, but a small chance of deadlock remains if other state was mid-operation at fork time. The 'forkserver' or 'spawn' multiprocessing start method is likely a safer alternative.
  self.pid = os.fork()
/home/vg2097/.local/share/uv/python/cpython-3.12.13-linux-x86_64-gnu/lib/python3.12/multiprocessing/popen_fork.py:66: RuntimeWarning: lancedb fork support is experimental: the internal async runtime has been reset in the forked child, but a small chance of deadlock remains if other state was mid-operation at fork time. The 'forkserver' or 'spawn' multiprocessing start method is likely a safer alternative.
  self.pid = os.fork()
/home/vg2097/.local/share/uv/python/cpython-3.12.13-linux-x86_64-gnu/lib/python3.12/multiprocessing/popen_fork.py:66: RuntimeWarning: lancedb fork support is experimental: the internal async runtime has been reset in the forked child, but a small chance of deadlock remains if other state was mid-operation at fork time. The 'forkserver' or 'spawn' multiprocessing start method is likely a safer alternative.
  self.pid = os.fork()
/mnt/NAS/home/vg2097/leworld-interp/src/leworld_interp/pixelcache.py:180: UserWarning: The given NumPy array is not writable, and PyTorch does not support non-writable tensors. This means writing to this tensor will result in undefined behavior. You may want to copy the array to protect its data or make it writable before converting it to a tensor. This type of warning will be suppressed for the rest of this program. (Triggered internally at /pytorch/torch/csrc/utils/tensor_numpy.cpp:203.)
  action = torch.from_numpy(np.ascontiguousarray(a)).reshape(self.num_steps, -1).float()
/mnt/NAS/home/vg2097/leworld-interp/src/leworld_interp/pixelcache.py:180: UserWarning: The given NumPy array is not writable, and PyTorch does not support non-writable tensors. This means writing to this tensor will result in undefined behavior. You may want to copy the array to protect its data or make it writable before converting it to a tensor. This type of warning will be suppressed for the rest of this program. (Triggered internally at /pytorch/torch/csrc/utils/tensor_numpy.cpp:203.)
  action = torch.from_numpy(np.ascontiguousarray(a)).reshape(self.num_steps, -1).float()
/mnt/NAS/home/vg2097/leworld-interp/src/leworld_interp/pixelcache.py:180: UserWarning: The given NumPy array is not writable, and PyTorch does not support non-writable tensors. This means writing to this tensor will result in undefined behavior. You may want to copy the array to protect its data or make it writable before converting it to a tensor. This type of warning will be suppressed for the rest of this program. (Triggered internally at /pytorch/torch/csrc/utils/tensor_numpy.cpp:203.)
  action = torch.from_numpy(np.ascontiguousarray(a)).reshape(self.num_steps, -1).float()
  [eval reacher d3] step 70000 rel=0.0791 (4.8x persist) best=0.0509
  [reacher d3] step 71000/200000 loss=0.1436 pred=0.0274 lr=3.69e-05
  [reacher d3] step 72000/200000 loss=0.1458 pred=0.0291 lr=3.66e-05
  [reacher d3] step 73000/200000 loss=0.1464 pred=0.0312 lr=3.62e-05
  [reacher d3] step 74000/200000 loss=0.1395 pred=0.0276 lr=3.58e-05
  [reacher d3] step 75000/200000 loss=0.1495 pred=0.0299 lr=3.55e-05
/home/vg2097/.local/share/uv/python/cpython-3.12.13-linux-x86_64-gnu/lib/python3.12/multiprocessing/popen_fork.py:66: RuntimeWarning: lancedb fork support is experimental: the internal async runtime has been reset in the forked child, but a small chance of deadlock remains if other state was mid-operation at fork time. The 'forkserver' or 'spawn' multiprocessing start method is likely a safer alternative.
  self.pid = os.fork()
/home/vg2097/.local/share/uv/python/cpython-3.12.13-linux-x86_64-gnu/lib/python3.12/multiprocessing/popen_fork.py:66: RuntimeWarning: lancedb fork support is experimental: the internal async runtime has been reset in the forked child, but a small chance of deadlock remains if other state was mid-operation at fork time. The 'forkserver' or 'spawn' multiprocessing start method is likely a safer alternative.
  self.pid = os.fork()
/home/vg2097/.local/share/uv/python/cpython-3.12.13-linux-x86_64-gnu/lib/python3.12/multiprocessing/popen_fork.py:66: RuntimeWarning: lancedb fork support is experimental: the internal async runtime has been reset in the forked child, but a small chance of deadlock remains if other state was mid-operation at fork time. The 'forkserver' or 'spawn' multiprocessing start method is likely a safer alternative.
  self.pid = os.fork()
/mnt/NAS/home/vg2097/leworld-interp/src/leworld_interp/pixelcache.py:180: UserWarning: The given NumPy array is not writable, and PyTorch does not support non-writable tensors. This means writing to this tensor will result in undefined behavior. You may want to copy the array to protect its data or make it writable before converting it to a tensor. This type of warning will be suppressed for the rest of this program. (Triggered internally at /pytorch/torch/csrc/utils/tensor_numpy.cpp:203.)
  action = torch.from_numpy(np.ascontiguousarray(a)).reshape(self.num_steps, -1).float()
/mnt/NAS/home/vg2097/leworld-interp/src/leworld_interp/pixelcache.py:180: UserWarning: The given NumPy array is not writable, and PyTorch does not support non-writable tensors. This means writing to this tensor will result in undefined behavior. You may want to copy the array to protect its data or make it writable before converting it to a tensor. This type of warning will be suppressed for the rest of this program. (Triggered internally at /pytorch/torch/csrc/utils/tensor_numpy.cpp:203.)
  action = torch.from_numpy(np.ascontiguousarray(a)).reshape(self.num_steps, -1).float()
/mnt/NAS/home/vg2097/leworld-interp/src/leworld_interp/pixelcache.py:180: UserWarning: The given NumPy array is not writable, and PyTorch does not support non-writable tensors. This means writing to this tensor will result in undefined behavior. You may want to copy the array to protect its data or make it writable before converting it to a tensor. This type of warning will be suppressed for the rest of this program. (Triggered internally at /pytorch/torch/csrc/utils/tensor_numpy.cpp:203.)
  action = torch.from_numpy(np.ascontiguousarray(a)).reshape(self.num_steps, -1).float()
  [eval reacher d3] step 75000 rel=0.0387 (10.8x persist) best=0.0387
  [reacher d3] step 76000/200000 loss=0.1446 pred=0.0294 lr=3.51e-05
  [reacher d3] step 77000/200000 loss=0.1496 pred=0.0300 lr=3.48e-05
  [reacher d3] step 78000/200000 loss=0.1577 pred=0.0361 lr=3.44e-05
  [reacher d3] step 79000/200000 loss=0.1421 pred=0.0273 lr=3.40e-05
  [reacher d3] step 80000/200000 loss=0.1448 pred=0.0315 lr=3.36e-05
/home/vg2097/.local/share/uv/python/cpython-3.12.13-linux-x86_64-gnu/lib/python3.12/multiprocessing/popen_fork.py:66: RuntimeWarning: lancedb fork support is experimental: the internal async runtime has been reset in the forked child, but a small chance of deadlock remains if other state was mid-operation at fork time. The 'forkserver' or 'spawn' multiprocessing start method is likely a safer alternative.
  self.pid = os.fork()
/home/vg2097/.local/share/uv/python/cpython-3.12.13-linux-x86_64-gnu/lib/python3.12/multiprocessing/popen_fork.py:66: RuntimeWarning: lancedb fork support is experimental: the internal async runtime has been reset in the forked child, but a small chance of deadlock remains if other state was mid-operation at fork time. The 'forkserver' or 'spawn' multiprocessing start method is likely a safer alternative.
  self.pid = os.fork()
/home/vg2097/.local/share/uv/python/cpython-3.12.13-linux-x86_64-gnu/lib/python3.12/multiprocessing/popen_fork.py:66: RuntimeWarning: lancedb fork support is experimental: the internal async runtime has been reset in the forked child, but a small chance of deadlock remains if other state was mid-operation at fork time. The 'forkserver' or 'spawn' multiprocessing start method is likely a safer alternative.
  self.pid = os.fork()
/mnt/NAS/home/vg2097/leworld-interp/src/leworld_interp/pixelcache.py:180: UserWarning: The given NumPy array is not writable, and PyTorch does not support non-writable tensors. This means writing to this tensor will result in undefined behavior. You may want to copy the array to protect its data or make it writable before converting it to a tensor. This type of warning will be suppressed for the rest of this program. (Triggered internally at /pytorch/torch/csrc/utils/tensor_numpy.cpp:203.)
  action = torch.from_numpy(np.ascontiguousarray(a)).reshape(self.num_steps, -1).float()
/mnt/NAS/home/vg2097/leworld-interp/src/leworld_interp/pixelcache.py:180: UserWarning: The given NumPy array is not writable, and PyTorch does not support non-writable tensors. This means writing to this tensor will result in undefined behavior. You may want to copy the array to protect its data or make it writable before converting it to a tensor. This type of warning will be suppressed for the rest of this program. (Triggered internally at /pytorch/torch/csrc/utils/tensor_numpy.cpp:203.)
  action = torch.from_numpy(np.ascontiguousarray(a)).reshape(self.num_steps, -1).float()
/mnt/NAS/home/vg2097/leworld-interp/src/leworld_interp/pixelcache.py:180: UserWarning: The given NumPy array is not writable, and PyTorch does not support non-writable tensors. This means writing to this tensor will result in undefined behavior. You may want to copy the array to protect its data or make it writable before converting it to a tensor. This type of warning will be suppressed for the rest of this program. (Triggered internally at /pytorch/torch/csrc/utils/tensor_numpy.cpp:203.)
  action = torch.from_numpy(np.ascontiguousarray(a)).reshape(self.num_steps, -1).float()
  [eval reacher d3] step 80000 rel=0.0473 (8.7x persist) best=0.0387
  [reacher d3] step 81000/200000 loss=0.1449 pred=0.0311 lr=3.33e-05
  [reacher d3] step 82000/200000 loss=0.1498 pred=0.0316 lr=3.29e-05
  [reacher d3] step 83000/200000 loss=0.1409 pred=0.0286 lr=3.25e-05
  [reacher d3] step 84000/200000 loss=0.1469 pred=0.0336 lr=3.21e-05
  [reacher d3] step 85000/200000 loss=0.1460 pred=0.0293 lr=3.17e-05
/home/vg2097/.local/share/uv/python/cpython-3.12.13-linux-x86_64-gnu/lib/python3.12/multiprocessing/popen_fork.py:66: RuntimeWarning: lancedb fork support is experimental: the internal async runtime has been reset in the forked child, but a small chance of deadlock remains if other state was mid-operation at fork time. The 'forkserver' or 'spawn' multiprocessing start method is likely a safer alternative.
  self.pid = os.fork()
/home/vg2097/.local/share/uv/python/cpython-3.12.13-linux-x86_64-gnu/lib/python3.12/multiprocessing/popen_fork.py:66: RuntimeWarning: lancedb fork support is experimental: the internal async runtime has been reset in the forked child, but a small chance of deadlock remains if other state was mid-operation at fork time. The 'forkserver' or 'spawn' multiprocessing start method is likely a safer alternative.
  self.pid = os.fork()
/home/vg2097/.local/share/uv/python/cpython-3.12.13-linux-x86_64-gnu/lib/python3.12/multiprocessing/popen_fork.py:66: RuntimeWarning: lancedb fork support is experimental: the internal async runtime has been reset in the forked child, but a small chance of deadlock remains if other state was mid-operation at fork time. The 'forkserver' or 'spawn' multiprocessing start method is likely a safer alternative.
  self.pid = os.fork()
/mnt/NAS/home/vg2097/leworld-interp/src/leworld_interp/pixelcache.py:180: UserWarning: The given NumPy array is not writable, and PyTorch does not support non-writable tensors. This means writing to this tensor will result in undefined behavior. You may want to copy the array to protect its data or make it writable before converting it to a tensor. This type of warning will be suppressed for the rest of this program. (Triggered internally at /pytorch/torch/csrc/utils/tensor_numpy.cpp:203.)
  action = torch.from_numpy(np.ascontiguousarray(a)).reshape(self.num_steps, -1).float()
/mnt/NAS/home/vg2097/leworld-interp/src/leworld_interp/pixelcache.py:180: UserWarning: The given NumPy array is not writable, and PyTorch does not support non-writable tensors. This means writing to this tensor will result in undefined behavior. You may want to copy the array to protect its data or make it writable before converting it to a tensor. This type of warning will be suppressed for the rest of this program. (Triggered internally at /pytorch/torch/csrc/utils/tensor_numpy.cpp:203.)
  action = torch.from_numpy(np.ascontiguousarray(a)).reshape(self.num_steps, -1).float()
/mnt/NAS/home/vg2097/leworld-interp/src/leworld_interp/pixelcache.py:180: UserWarning: The given NumPy array is not writable, and PyTorch does not support non-writable tensors. This means writing to this tensor will result in undefined behavior. You may want to copy the array to protect its data or make it writable before converting it to a tensor. This type of warning will be suppressed for the rest of this program. (Triggered internally at /pytorch/torch/csrc/utils/tensor_numpy.cpp:203.)
  action = torch.from_numpy(np.ascontiguousarray(a)).reshape(self.num_steps, -1).float()
  [eval reacher d3] step 85000 rel=0.0300 (14.1x persist) best=0.0300
  [reacher d3] step 86000/200000 loss=0.1413 pred=0.0300 lr=3.13e-05
  [reacher d3] step 87000/200000 loss=0.1426 pred=0.0274 lr=3.10e-05
  [reacher d3] step 88000/200000 loss=0.1438 pred=0.0340 lr=3.06e-05
  [reacher d3] step 89000/200000 loss=0.1401 pred=0.0312 lr=3.02e-05
  [reacher d3] step 90000/200000 loss=0.1400 pred=0.0263 lr=2.98e-05
/home/vg2097/.local/share/uv/python/cpython-3.12.13-linux-x86_64-gnu/lib/python3.12/multiprocessing/popen_fork.py:66: RuntimeWarning: lancedb fork support is experimental: the internal async runtime has been reset in the forked child, but a small chance of deadlock remains if other state was mid-operation at fork time. The 'forkserver' or 'spawn' multiprocessing start method is likely a safer alternative.
  self.pid = os.fork()
/home/vg2097/.local/share/uv/python/cpython-3.12.13-linux-x86_64-gnu/lib/python3.12/multiprocessing/popen_fork.py:66: RuntimeWarning: lancedb fork support is experimental: the internal async runtime has been reset in the forked child, but a small chance of deadlock remains if other state was mid-operation at fork time. The 'forkserver' or 'spawn' multiprocessing start method is likely a safer alternative.
  self.pid = os.fork()
/home/vg2097/.local/share/uv/python/cpython-3.12.13-linux-x86_64-gnu/lib/python3.12/multiprocessing/popen_fork.py:66: RuntimeWarning: lancedb fork support is experimental: the internal async runtime has been reset in the forked child, but a small chance of deadlock remains if other state was mid-operation at fork time. The 'forkserver' or 'spawn' multiprocessing start method is likely a safer alternative.
  self.pid = os.fork()
/mnt/NAS/home/vg2097/leworld-interp/src/leworld_interp/pixelcache.py:180: UserWarning: The given NumPy array is not writable, and PyTorch does not support non-writable tensors. This means writing to this tensor will result in undefined behavior. You may want to copy the array to protect its data or make it writable before converting it to a tensor. This type of warning will be suppressed for the rest of this program. (Triggered internally at /pytorch/torch/csrc/utils/tensor_numpy.cpp:203.)
  action = torch.from_numpy(np.ascontiguousarray(a)).reshape(self.num_steps, -1).float()
/mnt/NAS/home/vg2097/leworld-interp/src/leworld_interp/pixelcache.py:180: UserWarning: The given NumPy array is not writable, and PyTorch does not support non-writable tensors. This means writing to this tensor will result in undefined behavior. You may want to copy the array to protect its data or make it writable before converting it to a tensor. This type of warning will be suppressed for the rest of this program. (Triggered internally at /pytorch/torch/csrc/utils/tensor_numpy.cpp:203.)
  action = torch.from_numpy(np.ascontiguousarray(a)).reshape(self.num_steps, -1).float()
/mnt/NAS/home/vg2097/leworld-interp/src/leworld_interp/pixelcache.py:180: UserWarning: The given NumPy array is not writable, and PyTorch does not support non-writable tensors. This means writing to this tensor will result in undefined behavior. You may want to copy the array to protect its data or make it writable before converting it to a tensor. This type of warning will be suppressed for the rest of this program. (Triggered internally at /pytorch/torch/csrc/utils/tensor_numpy.cpp:203.)
  action = torch.from_numpy(np.ascontiguousarray(a)).reshape(self.num_steps, -1).float()
  [eval reacher d3] step 90000 rel=0.0311 (13.9x persist) best=0.0300
  [reacher d3] step 91000/200000 loss=0.1463 pred=0.0311 lr=2.94e-05
  [reacher d3] step 92000/200000 loss=0.1342 pred=0.0282 lr=2.90e-05
  [reacher d3] step 93000/200000 loss=0.1366 pred=0.0268 lr=2.86e-05
  [reacher d3] step 94000/200000 loss=0.1314 pred=0.0259 lr=2.82e-05
  [reacher d3] step 95000/200000 loss=0.1460 pred=0.0293 lr=2.78e-05
/home/vg2097/.local/share/uv/python/cpython-3.12.13-linux-x86_64-gnu/lib/python3.12/multiprocessing/popen_fork.py:66: RuntimeWarning: lancedb fork support is experimental: the internal async runtime has been reset in the forked child, but a small chance of deadlock remains if other state was mid-operation at fork time. The 'forkserver' or 'spawn' multiprocessing start method is likely a safer alternative.
  self.pid = os.fork()
/home/vg2097/.local/share/uv/python/cpython-3.12.13-linux-x86_64-gnu/lib/python3.12/multiprocessing/popen_fork.py:66: RuntimeWarning: lancedb fork support is experimental: the internal async runtime has been reset in the forked child, but a small chance of deadlock remains if other state was mid-operation at fork time. The 'forkserver' or 'spawn' multiprocessing start method is likely a safer alternative.
  self.pid = os.fork()
/home/vg2097/.local/share/uv/python/cpython-3.12.13-linux-x86_64-gnu/lib/python3.12/multiprocessing/popen_fork.py:66: RuntimeWarning: lancedb fork support is experimental: the internal async runtime has been reset in the forked child, but a small chance of deadlock remains if other state was mid-operation at fork time. The 'forkserver' or 'spawn' multiprocessing start method is likely a safer alternative.
  self.pid = os.fork()
/mnt/NAS/home/vg2097/leworld-interp/src/leworld_interp/pixelcache.py:180: UserWarning: The given NumPy array is not writable, and PyTorch does not support non-writable tensors. This means writing to this tensor will result in undefined behavior. You may want to copy the array to protect its data or make it writable before converting it to a tensor. This type of warning will be suppressed for the rest of this program. (Triggered internally at /pytorch/torch/csrc/utils/tensor_numpy.cpp:203.)
  action = torch.from_numpy(np.ascontiguousarray(a)).reshape(self.num_steps, -1).float()
/mnt/NAS/home/vg2097/leworld-interp/src/leworld_interp/pixelcache.py:180: UserWarning: The given NumPy array is not writable, and PyTorch does not support non-writable tensors. This means writing to this tensor will result in undefined behavior. You may want to copy the array to protect its data or make it writable before converting it to a tensor. This type of warning will be suppressed for the rest of this program. (Triggered internally at /pytorch/torch/csrc/utils/tensor_numpy.cpp:203.)
  action = torch.from_numpy(np.ascontiguousarray(a)).reshape(self.num_steps, -1).float()
/mnt/NAS/home/vg2097/leworld-interp/src/leworld_interp/pixelcache.py:180: UserWarning: The given NumPy array is not writable, and PyTorch does not support non-writable tensors. This means writing to this tensor will result in undefined behavior. You may want to copy the array to protect its data or make it writable before converting it to a tensor. This type of warning will be suppressed for the rest of this program. (Triggered internally at /pytorch/torch/csrc/utils/tensor_numpy.cpp:203.)
  action = torch.from_numpy(np.ascontiguousarray(a)).reshape(self.num_steps, -1).float()
  [eval reacher d3] step 95000 rel=0.0337 (12.8x persist) best=0.0300
  [reacher d3] step 96000/200000 loss=0.1413 pred=0.0266 lr=2.74e-05
  [reacher d3] step 97000/200000 loss=0.1367 pred=0.0249 lr=2.70e-05
  [reacher d3] step 98000/200000 loss=0.1455 pred=0.0302 lr=2.66e-05
  [reacher d3] step 99000/200000 loss=0.1397 pred=0.0293 lr=2.62e-05
  [reacher d3] step 100000/200000 loss=0.1515 pred=0.0319 lr=2.58e-05
/home/vg2097/.local/share/uv/python/cpython-3.12.13-linux-x86_64-gnu/lib/python3.12/multiprocessing/popen_fork.py:66: RuntimeWarning: lancedb fork support is experimental: the internal async runtime has been reset in the forked child, but a small chance of deadlock remains if other state was mid-operation at fork time. The 'forkserver' or 'spawn' multiprocessing start method is likely a safer alternative.
  self.pid = os.fork()
/home/vg2097/.local/share/uv/python/cpython-3.12.13-linux-x86_64-gnu/lib/python3.12/multiprocessing/popen_fork.py:66: RuntimeWarning: lancedb fork support is experimental: the internal async runtime has been reset in the forked child, but a small chance of deadlock remains if other state was mid-operation at fork time. The 'forkserver' or 'spawn' multiprocessing start method is likely a safer alternative.
  self.pid = os.fork()
/home/vg2097/.local/share/uv/python/cpython-3.12.13-linux-x86_64-gnu/lib/python3.12/multiprocessing/popen_fork.py:66: RuntimeWarning: lancedb fork support is experimental: the internal async runtime has been reset in the forked child, but a small chance of deadlock remains if other state was mid-operation at fork time. The 'forkserver' or 'spawn' multiprocessing start method is likely a safer alternative.
  self.pid = os.fork()
/mnt/NAS/home/vg2097/leworld-interp/src/leworld_interp/pixelcache.py:180: UserWarning: The given NumPy array is not writable, and PyTorch does not support non-writable tensors. This means writing to this tensor will result in undefined behavior. You may want to copy the array to protect its data or make it writable before converting it to a tensor. This type of warning will be suppressed for the rest of this program. (Triggered internally at /pytorch/torch/csrc/utils/tensor_numpy.cpp:203.)
  action = torch.from_numpy(np.ascontiguousarray(a)).reshape(self.num_steps, -1).float()
/mnt/NAS/home/vg2097/leworld-interp/src/leworld_interp/pixelcache.py:180: UserWarning: The given NumPy array is not writable, and PyTorch does not support non-writable tensors. This means writing to this tensor will result in undefined behavior. You may want to copy the array to protect its data or make it writable before converting it to a tensor. This type of warning will be suppressed for the rest of this program. (Triggered internally at /pytorch/torch/csrc/utils/tensor_numpy.cpp:203.)
  action = torch.from_numpy(np.ascontiguousarray(a)).reshape(self.num_steps, -1).float()
/mnt/NAS/home/vg2097/leworld-interp/src/leworld_interp/pixelcache.py:180: UserWarning: The given NumPy array is not writable, and PyTorch does not support non-writable tensors. This means writing to this tensor will result in undefined behavior. You may want to copy the array to protect its data or make it writable before converting it to a tensor. This type of warning will be suppressed for the rest of this program. (Triggered internally at /pytorch/torch/csrc/utils/tensor_numpy.cpp:203.)
  action = torch.from_numpy(np.ascontiguousarray(a)).reshape(self.num_steps, -1).float()
  [eval reacher d3] step 100000 rel=0.0293 (14.8x persist) best=0.0293
  [reacher d3] step 101000/200000 loss=0.1363 pred=0.0245 lr=2.54e-05
  [reacher d3] step 102000/200000 loss=0.1429 pred=0.0326 lr=2.50e-05
  [reacher d3] step 103000/200000 loss=0.1547 pred=0.0336 lr=2.46e-05
  [reacher d3] step 104000/200000 loss=0.1391 pred=0.0258 lr=2.42e-05
  [reacher d3] step 105000/200000 loss=0.1412 pred=0.0279 lr=2.38e-05
/home/vg2097/.local/share/uv/python/cpython-3.12.13-linux-x86_64-gnu/lib/python3.12/multiprocessing/popen_fork.py:66: RuntimeWarning: lancedb fork support is experimental: the internal async runtime has been reset in the forked child, but a small chance of deadlock remains if other state was mid-operation at fork time. The 'forkserver' or 'spawn' multiprocessing start method is likely a safer alternative.
  self.pid = os.fork()
/home/vg2097/.local/share/uv/python/cpython-3.12.13-linux-x86_64-gnu/lib/python3.12/multiprocessing/popen_fork.py:66: RuntimeWarning: lancedb fork support is experimental: the internal async runtime has been reset in the forked child, but a small chance of deadlock remains if other state was mid-operation at fork time. The 'forkserver' or 'spawn' multiprocessing start method is likely a safer alternative.
  self.pid = os.fork()
/home/vg2097/.local/share/uv/python/cpython-3.12.13-linux-x86_64-gnu/lib/python3.12/multiprocessing/popen_fork.py:66: RuntimeWarning: lancedb fork support is experimental: the internal async runtime has been reset in the forked child, but a small chance of deadlock remains if other state was mid-operation at fork time. The 'forkserver' or 'spawn' multiprocessing start method is likely a safer alternative.
  self.pid = os.fork()
/mnt/NAS/home/vg2097/leworld-interp/src/leworld_interp/pixelcache.py:180: UserWarning: The given NumPy array is not writable, and PyTorch does not support non-writable tensors. This means writing to this tensor will result in undefined behavior. You may want to copy the array to protect its data or make it writable before converting it to a tensor. This type of warning will be suppressed for the rest of this program. (Triggered internally at /pytorch/torch/csrc/utils/tensor_numpy.cpp:203.)
  action = torch.from_numpy(np.ascontiguousarray(a)).reshape(self.num_steps, -1).float()
/mnt/NAS/home/vg2097/leworld-interp/src/leworld_interp/pixelcache.py:180: UserWarning: The given NumPy array is not writable, and PyTorch does not support non-writable tensors. This means writing to this tensor will result in undefined behavior. You may want to copy the array to protect its data or make it writable before converting it to a tensor. This type of warning will be suppressed for the rest of this program. (Triggered internally at /pytorch/torch/csrc/utils/tensor_numpy.cpp:203.)
  action = torch.from_numpy(np.ascontiguousarray(a)).reshape(self.num_steps, -1).float()
/mnt/NAS/home/vg2097/leworld-interp/src/leworld_interp/pixelcache.py:180: UserWarning: The given NumPy array is not writable, and PyTorch does not support non-writable tensors. This means writing to this tensor will result in undefined behavior. You may want to copy the array to protect its data or make it writable before converting it to a tensor. This type of warning will be suppressed for the rest of this program. (Triggered internally at /pytorch/torch/csrc/utils/tensor_numpy.cpp:203.)
  action = torch.from_numpy(np.ascontiguousarray(a)).reshape(self.num_steps, -1).float()
  [eval reacher d3] step 105000 rel=0.0267 (16.7x persist) best=0.0267
  [reacher d3] step 106000/200000 loss=0.1370 pred=0.0286 lr=2.34e-05
  [reacher d3] step 107000/200000 loss=0.1376 pred=0.0263 lr=2.30e-05
  [reacher d3] step 108000/200000 loss=0.1293 pred=0.0272 lr=2.26e-05
  [reacher d3] step 109000/200000 loss=0.1333 pred=0.0245 lr=2.22e-05
  [reacher d3] step 110000/200000 loss=0.1432 pred=0.0319 lr=2.18e-05
/home/vg2097/.local/share/uv/python/cpython-3.12.13-linux-x86_64-gnu/lib/python3.12/multiprocessing/popen_fork.py:66: RuntimeWarning: lancedb fork support is experimental: the internal async runtime has been reset in the forked child, but a small chance of deadlock remains if other state was mid-operation at fork time. The 'forkserver' or 'spawn' multiprocessing start method is likely a safer alternative.
  self.pid = os.fork()
/home/vg2097/.local/share/uv/python/cpython-3.12.13-linux-x86_64-gnu/lib/python3.12/multiprocessing/popen_fork.py:66: RuntimeWarning: lancedb fork support is experimental: the internal async runtime has been reset in the forked child, but a small chance of deadlock remains if other state was mid-operation at fork time. The 'forkserver' or 'spawn' multiprocessing start method is likely a safer alternative.
  self.pid = os.fork()
/home/vg2097/.local/share/uv/python/cpython-3.12.13-linux-x86_64-gnu/lib/python3.12/multiprocessing/popen_fork.py:66: RuntimeWarning: lancedb fork support is experimental: the internal async runtime has been reset in the forked child, but a small chance of deadlock remains if other state was mid-operation at fork time. The 'forkserver' or 'spawn' multiprocessing start method is likely a safer alternative.
  self.pid = os.fork()
/mnt/NAS/home/vg2097/leworld-interp/src/leworld_interp/pixelcache.py:180: UserWarning: The given NumPy array is not writable, and PyTorch does not support non-writable tensors. This means writing to this tensor will result in undefined behavior. You may want to copy the array to protect its data or make it writable before converting it to a tensor. This type of warning will be suppressed for the rest of this program. (Triggered internally at /pytorch/torch/csrc/utils/tensor_numpy.cpp:203.)
  action = torch.from_numpy(np.ascontiguousarray(a)).reshape(self.num_steps, -1).float()
/mnt/NAS/home/vg2097/leworld-interp/src/leworld_interp/pixelcache.py:180: UserWarning: The given NumPy array is not writable, and PyTorch does not support non-writable tensors. This means writing to this tensor will result in undefined behavior. You may want to copy the array to protect its data or make it writable before converting it to a tensor. This type of warning will be suppressed for the rest of this program. (Triggered internally at /pytorch/torch/csrc/utils/tensor_numpy.cpp:203.)
  action = torch.from_numpy(np.ascontiguousarray(a)).reshape(self.num_steps, -1).float()
/mnt/NAS/home/vg2097/leworld-interp/src/leworld_interp/pixelcache.py:180: UserWarning: The given NumPy array is not writable, and PyTorch does not support non-writable tensors. This means writing to this tensor will result in undefined behavior. You may want to copy the array to protect its data or make it writable before converting it to a tensor. This type of warning will be suppressed for the rest of this program. (Triggered internally at /pytorch/torch/csrc/utils/tensor_numpy.cpp:203.)
  action = torch.from_numpy(np.ascontiguousarray(a)).reshape(self.num_steps, -1).float()
  [eval reacher d3] step 110000 rel=0.0265 (16.8x persist) best=0.0265
  [reacher d3] step 111000/200000 loss=0.1400 pred=0.0325 lr=2.14e-05
  [reacher d3] step 112000/200000 loss=0.1319 pred=0.0264 lr=2.10e-05
  [reacher d3] step 113000/200000 loss=0.1365 pred=0.0252 lr=2.06e-05
  [reacher d3] step 114000/200000 loss=0.1336 pred=0.0282 lr=2.02e-05
  [reacher d3] step 115000/200000 loss=0.1393 pred=0.0319 lr=1.98e-05
/home/vg2097/.local/share/uv/python/cpython-3.12.13-linux-x86_64-gnu/lib/python3.12/multiprocessing/popen_fork.py:66: RuntimeWarning: lancedb fork support is experimental: the internal async runtime has been reset in the forked child, but a small chance of deadlock remains if other state was mid-operation at fork time. The 'forkserver' or 'spawn' multiprocessing start method is likely a safer alternative.
  self.pid = os.fork()
/home/vg2097/.local/share/uv/python/cpython-3.12.13-linux-x86_64-gnu/lib/python3.12/multiprocessing/popen_fork.py:66: RuntimeWarning: lancedb fork support is experimental: the internal async runtime has been reset in the forked child, but a small chance of deadlock remains if other state was mid-operation at fork time. The 'forkserver' or 'spawn' multiprocessing start method is likely a safer alternative.
  self.pid = os.fork()
/home/vg2097/.local/share/uv/python/cpython-3.12.13-linux-x86_64-gnu/lib/python3.12/multiprocessing/popen_fork.py:66: RuntimeWarning: lancedb fork support is experimental: the internal async runtime has been reset in the forked child, but a small chance of deadlock remains if other state was mid-operation at fork time. The 'forkserver' or 'spawn' multiprocessing start method is likely a safer alternative.
  self.pid = os.fork()
/mnt/NAS/home/vg2097/leworld-interp/src/leworld_interp/pixelcache.py:180: UserWarning: The given NumPy array is not writable, and PyTorch does not support non-writable tensors. This means writing to this tensor will result in undefined behavior. You may want to copy the array to protect its data or make it writable before converting it to a tensor. This type of warning will be suppressed for the rest of this program. (Triggered internally at /pytorch/torch/csrc/utils/tensor_numpy.cpp:203.)
  action = torch.from_numpy(np.ascontiguousarray(a)).reshape(self.num_steps, -1).float()
/mnt/NAS/home/vg2097/leworld-interp/src/leworld_interp/pixelcache.py:180: UserWarning: The given NumPy array is not writable, and PyTorch does not support non-writable tensors. This means writing to this tensor will result in undefined behavior. You may want to copy the array to protect its data or make it writable before converting it to a tensor. This type of warning will be suppressed for the rest of this program. (Triggered internally at /pytorch/torch/csrc/utils/tensor_numpy.cpp:203.)
  action = torch.from_numpy(np.ascontiguousarray(a)).reshape(self.num_steps, -1).float()
/mnt/NAS/home/vg2097/leworld-interp/src/leworld_interp/pixelcache.py:180: UserWarning: The given NumPy array is not writable, and PyTorch does not support non-writable tensors. This means writing to this tensor will result in undefined behavior. You may want to copy the array to protect its data or make it writable before converting it to a tensor. This type of warning will be suppressed for the rest of this program. (Triggered internally at /pytorch/torch/csrc/utils/tensor_numpy.cpp:203.)
  action = torch.from_numpy(np.ascontiguousarray(a)).reshape(self.num_steps, -1).float()
  [eval reacher d3] step 115000 rel=0.0254 (17.7x persist) best=0.0254
  [reacher d3] step 116000/200000 loss=0.1424 pred=0.0311 lr=1.94e-05
  [reacher d3] step 117000/200000 loss=0.1456 pred=0.0290 lr=1.90e-05
  [reacher d3] step 118000/200000 loss=0.1401 pred=0.0312 lr=1.87e-05
  [reacher d3] step 119000/200000 loss=0.1311 pred=0.0276 lr=1.83e-05
  [reacher d3] step 120000/200000 loss=0.1379 pred=0.0280 lr=1.79e-05
/home/vg2097/.local/share/uv/python/cpython-3.12.13-linux-x86_64-gnu/lib/python3.12/multiprocessing/popen_fork.py:66: RuntimeWarning: lancedb fork support is experimental: the internal async runtime has been reset in the forked child, but a small chance of deadlock remains if other state was mid-operation at fork time. The 'forkserver' or 'spawn' multiprocessing start method is likely a safer alternative.
  self.pid = os.fork()
/home/vg2097/.local/share/uv/python/cpython-3.12.13-linux-x86_64-gnu/lib/python3.12/multiprocessing/popen_fork.py:66: RuntimeWarning: lancedb fork support is experimental: the internal async runtime has been reset in the forked child, but a small chance of deadlock remains if other state was mid-operation at fork time. The 'forkserver' or 'spawn' multiprocessing start method is likely a safer alternative.
  self.pid = os.fork()
/home/vg2097/.local/share/uv/python/cpython-3.12.13-linux-x86_64-gnu/lib/python3.12/multiprocessing/popen_fork.py:66: RuntimeWarning: lancedb fork support is experimental: the internal async runtime has been reset in the forked child, but a small chance of deadlock remains if other state was mid-operation at fork time. The 'forkserver' or 'spawn' multiprocessing start method is likely a safer alternative.
  self.pid = os.fork()
/mnt/NAS/home/vg2097/leworld-interp/src/leworld_interp/pixelcache.py:180: UserWarning: The given NumPy array is not writable, and PyTorch does not support non-writable tensors. This means writing to this tensor will result in undefined behavior. You may want to copy the array to protect its data or make it writable before converting it to a tensor. This type of warning will be suppressed for the rest of this program. (Triggered internally at /pytorch/torch/csrc/utils/tensor_numpy.cpp:203.)
  action = torch.from_numpy(np.ascontiguousarray(a)).reshape(self.num_steps, -1).float()
/mnt/NAS/home/vg2097/leworld-interp/src/leworld_interp/pixelcache.py:180: UserWarning: The given NumPy array is not writable, and PyTorch does not support non-writable tensors. This means writing to this tensor will result in undefined behavior. You may want to copy the array to protect its data or make it writable before converting it to a tensor. This type of warning will be suppressed for the rest of this program. (Triggered internally at /pytorch/torch/csrc/utils/tensor_numpy.cpp:203.)
  action = torch.from_numpy(np.ascontiguousarray(a)).reshape(self.num_steps, -1).float()
/mnt/NAS/home/vg2097/leworld-interp/src/leworld_interp/pixelcache.py:180: UserWarning: The given NumPy array is not writable, and PyTorch does not support non-writable tensors. This means writing to this tensor will result in undefined behavior. You may want to copy the array to protect its data or make it writable before converting it to a tensor. This type of warning will be suppressed for the rest of this program. (Triggered internally at /pytorch/torch/csrc/utils/tensor_numpy.cpp:203.)
  action = torch.from_numpy(np.ascontiguousarray(a)).reshape(self.num_steps, -1).float()
  [eval reacher d3] step 120000 rel=0.0255 (17.7x persist) best=0.0254
  [reacher d3] step 121000/200000 loss=0.1272 pred=0.0266 lr=1.75e-05
  [reacher d3] step 122000/200000 loss=0.1432 pred=0.0300 lr=1.71e-05
  [reacher d3] step 123000/200000 loss=0.1396 pred=0.0273 lr=1.67e-05
  [reacher d3] step 124000/200000 loss=0.1377 pred=0.0259 lr=1.64e-05
  [reacher d3] step 125000/200000 loss=0.1420 pred=0.0301 lr=1.60e-05
/home/vg2097/.local/share/uv/python/cpython-3.12.13-linux-x86_64-gnu/lib/python3.12/multiprocessing/popen_fork.py:66: RuntimeWarning: lancedb fork support is experimental: the internal async runtime has been reset in the forked child, but a small chance of deadlock remains if other state was mid-operation at fork time. The 'forkserver' or 'spawn' multiprocessing start method is likely a safer alternative.
  self.pid = os.fork()
/home/vg2097/.local/share/uv/python/cpython-3.12.13-linux-x86_64-gnu/lib/python3.12/multiprocessing/popen_fork.py:66: RuntimeWarning: lancedb fork support is experimental: the internal async runtime has been reset in the forked child, but a small chance of deadlock remains if other state was mid-operation at fork time. The 'forkserver' or 'spawn' multiprocessing start method is likely a safer alternative.
  self.pid = os.fork()
/home/vg2097/.local/share/uv/python/cpython-3.12.13-linux-x86_64-gnu/lib/python3.12/multiprocessing/popen_fork.py:66: RuntimeWarning: lancedb fork support is experimental: the internal async runtime has been reset in the forked child, but a small chance of deadlock remains if other state was mid-operation at fork time. The 'forkserver' or 'spawn' multiprocessing start method is likely a safer alternative.
  self.pid = os.fork()
/mnt/NAS/home/vg2097/leworld-interp/src/leworld_interp/pixelcache.py:180: UserWarning: The given NumPy array is not writable, and PyTorch does not support non-writable tensors. This means writing to this tensor will result in undefined behavior. You may want to copy the array to protect its data or make it writable before converting it to a tensor. This type of warning will be suppressed for the rest of this program. (Triggered internally at /pytorch/torch/csrc/utils/tensor_numpy.cpp:203.)
  action = torch.from_numpy(np.ascontiguousarray(a)).reshape(self.num_steps, -1).float()
/mnt/NAS/home/vg2097/leworld-interp/src/leworld_interp/pixelcache.py:180: UserWarning: The given NumPy array is not writable, and PyTorch does not support non-writable tensors. This means writing to this tensor will result in undefined behavior. You may want to copy the array to protect its data or make it writable before converting it to a tensor. This type of warning will be suppressed for the rest of this program. (Triggered internally at /pytorch/torch/csrc/utils/tensor_numpy.cpp:203.)
  action = torch.from_numpy(np.ascontiguousarray(a)).reshape(self.num_steps, -1).float()
/mnt/NAS/home/vg2097/leworld-interp/src/leworld_interp/pixelcache.py:180: UserWarning: The given NumPy array is not writable, and PyTorch does not support non-writable tensors. This means writing to this tensor will result in undefined behavior. You may want to copy the array to protect its data or make it writable before converting it to a tensor. This type of warning will be suppressed for the rest of this program. (Triggered internally at /pytorch/torch/csrc/utils/tensor_numpy.cpp:203.)
  action = torch.from_numpy(np.ascontiguousarray(a)).reshape(self.num_steps, -1).float()
  [eval reacher d3] step 125000 rel=0.0244 (18.4x persist) best=0.0244
  [reacher d3] step 126000/200000 loss=0.1305 pred=0.0236 lr=1.56e-05
  [reacher d3] step 127000/200000 loss=0.1240 pred=0.0229 lr=1.52e-05
  [reacher d3] step 128000/200000 loss=0.1391 pred=0.0292 lr=1.49e-05
  [reacher d3] step 129000/200000 loss=0.1322 pred=0.0238 lr=1.45e-05
  [reacher d3] step 130000/200000 loss=0.1446 pred=0.0313 lr=1.42e-05
/home/vg2097/.local/share/uv/python/cpython-3.12.13-linux-x86_64-gnu/lib/python3.12/multiprocessing/popen_fork.py:66: RuntimeWarning: lancedb fork support is experimental: the internal async runtime has been reset in the forked child, but a small chance of deadlock remains if other state was mid-operation at fork time. The 'forkserver' or 'spawn' multiprocessing start method is likely a safer alternative.
  self.pid = os.fork()
/home/vg2097/.local/share/uv/python/cpython-3.12.13-linux-x86_64-gnu/lib/python3.12/multiprocessing/popen_fork.py:66: RuntimeWarning: lancedb fork support is experimental: the internal async runtime has been reset in the forked child, but a small chance of deadlock remains if other state was mid-operation at fork time. The 'forkserver' or 'spawn' multiprocessing start method is likely a safer alternative.
  self.pid = os.fork()
/home/vg2097/.local/share/uv/python/cpython-3.12.13-linux-x86_64-gnu/lib/python3.12/multiprocessing/popen_fork.py:66: RuntimeWarning: lancedb fork support is experimental: the internal async runtime has been reset in the forked child, but a small chance of deadlock remains if other state was mid-operation at fork time. The 'forkserver' or 'spawn' multiprocessing start method is likely a safer alternative.
  self.pid = os.fork()
/mnt/NAS/home/vg2097/leworld-interp/src/leworld_interp/pixelcache.py:180: UserWarning: The given NumPy array is not writable, and PyTorch does not support non-writable tensors. This means writing to this tensor will result in undefined behavior. You may want to copy the array to protect its data or make it writable before converting it to a tensor. This type of warning will be suppressed for the rest of this program. (Triggered internally at /pytorch/torch/csrc/utils/tensor_numpy.cpp:203.)
  action = torch.from_numpy(np.ascontiguousarray(a)).reshape(self.num_steps, -1).float()
/mnt/NAS/home/vg2097/leworld-interp/src/leworld_interp/pixelcache.py:180: UserWarning: The given NumPy array is not writable, and PyTorch does not support non-writable tensors. This means writing to this tensor will result in undefined behavior. You may want to copy the array to protect its data or make it writable before converting it to a tensor. This type of warning will be suppressed for the rest of this program. (Triggered internally at /pytorch/torch/csrc/utils/tensor_numpy.cpp:203.)
  action = torch.from_numpy(np.ascontiguousarray(a)).reshape(self.num_steps, -1).float()
/mnt/NAS/home/vg2097/leworld-interp/src/leworld_interp/pixelcache.py:180: UserWarning: The given NumPy array is not writable, and PyTorch does not support non-writable tensors. This means writing to this tensor will result in undefined behavior. You may want to copy the array to protect its data or make it writable before converting it to a tensor. This type of warning will be suppressed for the rest of this program. (Triggered internally at /pytorch/torch/csrc/utils/tensor_numpy.cpp:203.)
  action = torch.from_numpy(np.ascontiguousarray(a)).reshape(self.num_steps, -1).float()
  [eval reacher d3] step 130000 rel=0.0245 (18.7x persist) best=0.0244
  [reacher d3] step 131000/200000 loss=0.1341 pred=0.0266 lr=1.38e-05
  [reacher d3] step 132000/200000 loss=0.1488 pred=0.0258 lr=1.34e-05
  [reacher d3] step 133000/200000 loss=0.1333 pred=0.0244 lr=1.31e-05
  [reacher d3] step 134000/200000 loss=0.1382 pred=0.0249 lr=1.27e-05
  [reacher d3] step 135000/200000 loss=0.1314 pred=0.0230 lr=1.24e-05
/home/vg2097/.local/share/uv/python/cpython-3.12.13-linux-x86_64-gnu/lib/python3.12/multiprocessing/popen_fork.py:66: RuntimeWarning: lancedb fork support is experimental: the internal async runtime has been reset in the forked child, but a small chance of deadlock remains if other state was mid-operation at fork time. The 'forkserver' or 'spawn' multiprocessing start method is likely a safer alternative.
  self.pid = os.fork()
/home/vg2097/.local/share/uv/python/cpython-3.12.13-linux-x86_64-gnu/lib/python3.12/multiprocessing/popen_fork.py:66: RuntimeWarning: lancedb fork support is experimental: the internal async runtime has been reset in the forked child, but a small chance of deadlock remains if other state was mid-operation at fork time. The 'forkserver' or 'spawn' multiprocessing start method is likely a safer alternative.
  self.pid = os.fork()
/home/vg2097/.local/share/uv/python/cpython-3.12.13-linux-x86_64-gnu/lib/python3.12/multiprocessing/popen_fork.py:66: RuntimeWarning: lancedb fork support is experimental: the internal async runtime has been reset in the forked child, but a small chance of deadlock remains if other state was mid-operation at fork time. The 'forkserver' or 'spawn' multiprocessing start method is likely a safer alternative.
  self.pid = os.fork()
/mnt/NAS/home/vg2097/leworld-interp/src/leworld_interp/pixelcache.py:180: UserWarning: The given NumPy array is not writable, and PyTorch does not support non-writable tensors. This means writing to this tensor will result in undefined behavior. You may want to copy the array to protect its data or make it writable before converting it to a tensor. This type of warning will be suppressed for the rest of this program. (Triggered internally at /pytorch/torch/csrc/utils/tensor_numpy.cpp:203.)
  action = torch.from_numpy(np.ascontiguousarray(a)).reshape(self.num_steps, -1).float()
/mnt/NAS/home/vg2097/leworld-interp/src/leworld_interp/pixelcache.py:180: UserWarning: The given NumPy array is not writable, and PyTorch does not support non-writable tensors. This means writing to this tensor will result in undefined behavior. You may want to copy the array to protect its data or make it writable before converting it to a tensor. This type of warning will be suppressed for the rest of this program. (Triggered internally at /pytorch/torch/csrc/utils/tensor_numpy.cpp:203.)
  action = torch.from_numpy(np.ascontiguousarray(a)).reshape(self.num_steps, -1).float()
/mnt/NAS/home/vg2097/leworld-interp/src/leworld_interp/pixelcache.py:180: UserWarning: The given NumPy array is not writable, and PyTorch does not support non-writable tensors. This means writing to this tensor will result in undefined behavior. You may want to copy the array to protect its data or make it writable before converting it to a tensor. This type of warning will be suppressed for the rest of this program. (Triggered internally at /pytorch/torch/csrc/utils/tensor_numpy.cpp:203.)
  action = torch.from_numpy(np.ascontiguousarray(a)).reshape(self.num_steps, -1).float()
  [eval reacher d3] step 135000 rel=0.0245 (18.7x persist) best=0.0244
  [reacher d3] step 136000/200000 loss=0.1346 pred=0.0277 lr=1.20e-05
  [reacher d3] step 137000/200000 loss=0.1326 pred=0.0276 lr=1.17e-05
  [reacher d3] step 138000/200000 loss=0.1406 pred=0.0259 lr=1.14e-05
  [reacher d3] step 139000/200000 loss=0.1391 pred=0.0273 lr=1.10e-05
  [reacher d3] step 140000/200000 loss=0.1416 pred=0.0264 lr=1.07e-05
/home/vg2097/.local/share/uv/python/cpython-3.12.13-linux-x86_64-gnu/lib/python3.12/multiprocessing/popen_fork.py:66: RuntimeWarning: lancedb fork support is experimental: the internal async runtime has been reset in the forked child, but a small chance of deadlock remains if other state was mid-operation at fork time. The 'forkserver' or 'spawn' multiprocessing start method is likely a safer alternative.
  self.pid = os.fork()
/home/vg2097/.local/share/uv/python/cpython-3.12.13-linux-x86_64-gnu/lib/python3.12/multiprocessing/popen_fork.py:66: RuntimeWarning: lancedb fork support is experimental: the internal async runtime has been reset in the forked child, but a small chance of deadlock remains if other state was mid-operation at fork time. The 'forkserver' or 'spawn' multiprocessing start method is likely a safer alternative.
  self.pid = os.fork()
/home/vg2097/.local/share/uv/python/cpython-3.12.13-linux-x86_64-gnu/lib/python3.12/multiprocessing/popen_fork.py:66: RuntimeWarning: lancedb fork support is experimental: the internal async runtime has been reset in the forked child, but a small chance of deadlock remains if other state was mid-operation at fork time. The 'forkserver' or 'spawn' multiprocessing start method is likely a safer alternative.
  self.pid = os.fork()
/mnt/NAS/home/vg2097/leworld-interp/src/leworld_interp/pixelcache.py:180: UserWarning: The given NumPy array is not writable, and PyTorch does not support non-writable tensors. This means writing to this tensor will result in undefined behavior. You may want to copy the array to protect its data or make it writable before converting it to a tensor. This type of warning will be suppressed for the rest of this program. (Triggered internally at /pytorch/torch/csrc/utils/tensor_numpy.cpp:203.)
  action = torch.from_numpy(np.ascontiguousarray(a)).reshape(self.num_steps, -1).float()
/mnt/NAS/home/vg2097/leworld-interp/src/leworld_interp/pixelcache.py:180: UserWarning: The given NumPy array is not writable, and PyTorch does not support non-writable tensors. This means writing to this tensor will result in undefined behavior. You may want to copy the array to protect its data or make it writable before converting it to a tensor. This type of warning will be suppressed for the rest of this program. (Triggered internally at /pytorch/torch/csrc/utils/tensor_numpy.cpp:203.)
  action = torch.from_numpy(np.ascontiguousarray(a)).reshape(self.num_steps, -1).float()
/mnt/NAS/home/vg2097/leworld-interp/src/leworld_interp/pixelcache.py:180: UserWarning: The given NumPy array is not writable, and PyTorch does not support non-writable tensors. This means writing to this tensor will result in undefined behavior. You may want to copy the array to protect its data or make it writable before converting it to a tensor. This type of warning will be suppressed for the rest of this program. (Triggered internally at /pytorch/torch/csrc/utils/tensor_numpy.cpp:203.)
  action = torch.from_numpy(np.ascontiguousarray(a)).reshape(self.num_steps, -1).float()
  [eval reacher d3] step 140000 rel=0.0239 (19.5x persist) best=0.0239
  [reacher d3] step 141000/200000 loss=0.1363 pred=0.0314 lr=1.04e-05
  [reacher d3] step 142000/200000 loss=0.1419 pred=0.0330 lr=1.00e-05
  [reacher d3] step 143000/200000 loss=0.1353 pred=0.0269 lr=9.73e-06
  [reacher d3] step 144000/200000 loss=0.1358 pred=0.0235 lr=9.41e-06
  [reacher d3] step 145000/200000 loss=0.1329 pred=0.0245 lr=9.10e-06
/home/vg2097/.local/share/uv/python/cpython-3.12.13-linux-x86_64-gnu/lib/python3.12/multiprocessing/popen_fork.py:66: RuntimeWarning: lancedb fork support is experimental: the internal async runtime has been reset in the forked child, but a small chance of deadlock remains if other state was mid-operation at fork time. The 'forkserver' or 'spawn' multiprocessing start method is likely a safer alternative.
  self.pid = os.fork()
/home/vg2097/.local/share/uv/python/cpython-3.12.13-linux-x86_64-gnu/lib/python3.12/multiprocessing/popen_fork.py:66: RuntimeWarning: lancedb fork support is experimental: the internal async runtime has been reset in the forked child, but a small chance of deadlock remains if other state was mid-operation at fork time. The 'forkserver' or 'spawn' multiprocessing start method is likely a safer alternative.
  self.pid = os.fork()
/home/vg2097/.local/share/uv/python/cpython-3.12.13-linux-x86_64-gnu/lib/python3.12/multiprocessing/popen_fork.py:66: RuntimeWarning: lancedb fork support is experimental: the internal async runtime has been reset in the forked child, but a small chance of deadlock remains if other state was mid-operation at fork time. The 'forkserver' or 'spawn' multiprocessing start method is likely a safer alternative.
  self.pid = os.fork()
/mnt/NAS/home/vg2097/leworld-interp/src/leworld_interp/pixelcache.py:180: UserWarning: The given NumPy array is not writable, and PyTorch does not support non-writable tensors. This means writing to this tensor will result in undefined behavior. You may want to copy the array to protect its data or make it writable before converting it to a tensor. This type of warning will be suppressed for the rest of this program. (Triggered internally at /pytorch/torch/csrc/utils/tensor_numpy.cpp:203.)
  action = torch.from_numpy(np.ascontiguousarray(a)).reshape(self.num_steps, -1).float()
/mnt/NAS/home/vg2097/leworld-interp/src/leworld_interp/pixelcache.py:180: UserWarning: The given NumPy array is not writable, and PyTorch does not support non-writable tensors. This means writing to this tensor will result in undefined behavior. You may want to copy the array to protect its data or make it writable before converting it to a tensor. This type of warning will be suppressed for the rest of this program. (Triggered internally at /pytorch/torch/csrc/utils/tensor_numpy.cpp:203.)
  action = torch.from_numpy(np.ascontiguousarray(a)).reshape(self.num_steps, -1).float()
/mnt/NAS/home/vg2097/leworld-interp/src/leworld_interp/pixelcache.py:180: UserWarning: The given NumPy array is not writable, and PyTorch does not support non-writable tensors. This means writing to this tensor will result in undefined behavior. You may want to copy the array to protect its data or make it writable before converting it to a tensor. This type of warning will be suppressed for the rest of this program. (Triggered internally at /pytorch/torch/csrc/utils/tensor_numpy.cpp:203.)
  action = torch.from_numpy(np.ascontiguousarray(a)).reshape(self.num_steps, -1).float()
  [eval reacher d3] step 145000 rel=0.0234 (20.0x persist) best=0.0234
  [reacher d3] step 146000/200000 loss=0.1329 pred=0.0259 lr=8.79e-06
  [reacher d3] step 147000/200000 loss=0.1324 pred=0.0284 lr=8.49e-06
  [reacher d3] step 148000/200000 loss=0.1334 pred=0.0279 lr=8.19e-06
  [reacher d3] step 149000/200000 loss=0.1436 pred=0.0289 lr=7.90e-06
  [reacher d3] step 150000/200000 loss=0.1284 pred=0.0224 lr=7.61e-06
/home/vg2097/.local/share/uv/python/cpython-3.12.13-linux-x86_64-gnu/lib/python3.12/multiprocessing/popen_fork.py:66: RuntimeWarning: lancedb fork support is experimental: the internal async runtime has been reset in the forked child, but a small chance of deadlock remains if other state was mid-operation at fork time. The 'forkserver' or 'spawn' multiprocessing start method is likely a safer alternative.
  self.pid = os.fork()
/home/vg2097/.local/share/uv/python/cpython-3.12.13-linux-x86_64-gnu/lib/python3.12/multiprocessing/popen_fork.py:66: RuntimeWarning: lancedb fork support is experimental: the internal async runtime has been reset in the forked child, but a small chance of deadlock remains if other state was mid-operation at fork time. The 'forkserver' or 'spawn' multiprocessing start method is likely a safer alternative.
  self.pid = os.fork()
/home/vg2097/.local/share/uv/python/cpython-3.12.13-linux-x86_64-gnu/lib/python3.12/multiprocessing/popen_fork.py:66: RuntimeWarning: lancedb fork support is experimental: the internal async runtime has been reset in the forked child, but a small chance of deadlock remains if other state was mid-operation at fork time. The 'forkserver' or 'spawn' multiprocessing start method is likely a safer alternative.
  self.pid = os.fork()
/mnt/NAS/home/vg2097/leworld-interp/src/leworld_interp/pixelcache.py:180: UserWarning: The given NumPy array is not writable, and PyTorch does not support non-writable tensors. This means writing to this tensor will result in undefined behavior. You may want to copy the array to protect its data or make it writable before converting it to a tensor. This type of warning will be suppressed for the rest of this program. (Triggered internally at /pytorch/torch/csrc/utils/tensor_numpy.cpp:203.)
  action = torch.from_numpy(np.ascontiguousarray(a)).reshape(self.num_steps, -1).float()
/mnt/NAS/home/vg2097/leworld-interp/src/leworld_interp/pixelcache.py:180: UserWarning: The given NumPy array is not writable, and PyTorch does not support non-writable tensors. This means writing to this tensor will result in undefined behavior. You may want to copy the array to protect its data or make it writable before converting it to a tensor. This type of warning will be suppressed for the rest of this program. (Triggered internally at /pytorch/torch/csrc/utils/tensor_numpy.cpp:203.)
  action = torch.from_numpy(np.ascontiguousarray(a)).reshape(self.num_steps, -1).float()
/mnt/NAS/home/vg2097/leworld-interp/src/leworld_interp/pixelcache.py:180: UserWarning: The given NumPy array is not writable, and PyTorch does not support non-writable tensors. This means writing to this tensor will result in undefined behavior. You may want to copy the array to protect its data or make it writable before converting it to a tensor. This type of warning will be suppressed for the rest of this program. (Triggered internally at /pytorch/torch/csrc/utils/tensor_numpy.cpp:203.)
  action = torch.from_numpy(np.ascontiguousarray(a)).reshape(self.num_steps, -1).float()
  [eval reacher d3] step 150000 rel=0.0234 (20.0x persist) best=0.0234
  [reacher d3] step 151000/200000 loss=0.1346 pred=0.0228 lr=7.32e-06
  [reacher d3] step 152000/200000 loss=0.1477 pred=0.0276 lr=7.04e-06
  [reacher d3] step 153000/200000 loss=0.1364 pred=0.0290 lr=6.76e-06
  [reacher d3] step 154000/200000 loss=0.1365 pred=0.0247 lr=6.49e-06
  [reacher d3] step 155000/200000 loss=0.1318 pred=0.0268 lr=6.23e-06
/home/vg2097/.local/share/uv/python/cpython-3.12.13-linux-x86_64-gnu/lib/python3.12/multiprocessing/popen_fork.py:66: RuntimeWarning: lancedb fork support is experimental: the internal async runtime has been reset in the forked child, but a small chance of deadlock remains if other state was mid-operation at fork time. The 'forkserver' or 'spawn' multiprocessing start method is likely a safer alternative.
  self.pid = os.fork()
/home/vg2097/.local/share/uv/python/cpython-3.12.13-linux-x86_64-gnu/lib/python3.12/multiprocessing/popen_fork.py:66: RuntimeWarning: lancedb fork support is experimental: the internal async runtime has been reset in the forked child, but a small chance of deadlock remains if other state was mid-operation at fork time. The 'forkserver' or 'spawn' multiprocessing start method is likely a safer alternative.
  self.pid = os.fork()
/home/vg2097/.local/share/uv/python/cpython-3.12.13-linux-x86_64-gnu/lib/python3.12/multiprocessing/popen_fork.py:66: RuntimeWarning: lancedb fork support is experimental: the internal async runtime has been reset in the forked child, but a small chance of deadlock remains if other state was mid-operation at fork time. The 'forkserver' or 'spawn' multiprocessing start method is likely a safer alternative.
  self.pid = os.fork()
/mnt/NAS/home/vg2097/leworld-interp/src/leworld_interp/pixelcache.py:180: UserWarning: The given NumPy array is not writable, and PyTorch does not support non-writable tensors. This means writing to this tensor will result in undefined behavior. You may want to copy the array to protect its data or make it writable before converting it to a tensor. This type of warning will be suppressed for the rest of this program. (Triggered internally at /pytorch/torch/csrc/utils/tensor_numpy.cpp:203.)
  action = torch.from_numpy(np.ascontiguousarray(a)).reshape(self.num_steps, -1).float()
/mnt/NAS/home/vg2097/leworld-interp/src/leworld_interp/pixelcache.py:180: UserWarning: The given NumPy array is not writable, and PyTorch does not support non-writable tensors. This means writing to this tensor will result in undefined behavior. You may want to copy the array to protect its data or make it writable before converting it to a tensor. This type of warning will be suppressed for the rest of this program. (Triggered internally at /pytorch/torch/csrc/utils/tensor_numpy.cpp:203.)
  action = torch.from_numpy(np.ascontiguousarray(a)).reshape(self.num_steps, -1).float()
/mnt/NAS/home/vg2097/leworld-interp/src/leworld_interp/pixelcache.py:180: UserWarning: The given NumPy array is not writable, and PyTorch does not support non-writable tensors. This means writing to this tensor will result in undefined behavior. You may want to copy the array to protect its data or make it writable before converting it to a tensor. This type of warning will be suppressed for the rest of this program. (Triggered internally at /pytorch/torch/csrc/utils/tensor_numpy.cpp:203.)
  action = torch.from_numpy(np.ascontiguousarray(a)).reshape(self.num_steps, -1).float()
  [eval reacher d3] step 155000 rel=0.0231 (20.1x persist) best=0.0231
  [reacher d3] step 156000/200000 loss=0.1320 pred=0.0251 lr=5.96e-06
  [reacher d3] step 157000/200000 loss=0.1239 pred=0.0233 lr=5.71e-06
  [reacher d3] step 158000/200000 loss=0.1295 pred=0.0260 lr=5.45e-06
  [reacher d3] step 159000/200000 loss=0.1343 pred=0.0254 lr=5.21e-06
  [reacher d3] step 160000/200000 loss=0.1237 pred=0.0217 lr=4.96e-06
/home/vg2097/.local/share/uv/python/cpython-3.12.13-linux-x86_64-gnu/lib/python3.12/multiprocessing/popen_fork.py:66: RuntimeWarning: lancedb fork support is experimental: the internal async runtime has been reset in the forked child, but a small chance of deadlock remains if other state was mid-operation at fork time. The 'forkserver' or 'spawn' multiprocessing start method is likely a safer alternative.
  self.pid = os.fork()
/home/vg2097/.local/share/uv/python/cpython-3.12.13-linux-x86_64-gnu/lib/python3.12/multiprocessing/popen_fork.py:66: RuntimeWarning: lancedb fork support is experimental: the internal async runtime has been reset in the forked child, but a small chance of deadlock remains if other state was mid-operation at fork time. The 'forkserver' or 'spawn' multiprocessing start method is likely a safer alternative.
  self.pid = os.fork()
/home/vg2097/.local/share/uv/python/cpython-3.12.13-linux-x86_64-gnu/lib/python3.12/multiprocessing/popen_fork.py:66: RuntimeWarning: lancedb fork support is experimental: the internal async runtime has been reset in the forked child, but a small chance of deadlock remains if other state was mid-operation at fork time. The 'forkserver' or 'spawn' multiprocessing start method is likely a safer alternative.
  self.pid = os.fork()
/mnt/NAS/home/vg2097/leworld-interp/src/leworld_interp/pixelcache.py:180: UserWarning: The given NumPy array is not writable, and PyTorch does not support non-writable tensors. This means writing to this tensor will result in undefined behavior. You may want to copy the array to protect its data or make it writable before converting it to a tensor. This type of warning will be suppressed for the rest of this program. (Triggered internally at /pytorch/torch/csrc/utils/tensor_numpy.cpp:203.)
  action = torch.from_numpy(np.ascontiguousarray(a)).reshape(self.num_steps, -1).float()
/mnt/NAS/home/vg2097/leworld-interp/src/leworld_interp/pixelcache.py:180: UserWarning: The given NumPy array is not writable, and PyTorch does not support non-writable tensors. This means writing to this tensor will result in undefined behavior. You may want to copy the array to protect its data or make it writable before converting it to a tensor. This type of warning will be suppressed for the rest of this program. (Triggered internally at /pytorch/torch/csrc/utils/tensor_numpy.cpp:203.)
  action = torch.from_numpy(np.ascontiguousarray(a)).reshape(self.num_steps, -1).float()
/mnt/NAS/home/vg2097/leworld-interp/src/leworld_interp/pixelcache.py:180: UserWarning: The given NumPy array is not writable, and PyTorch does not support non-writable tensors. This means writing to this tensor will result in undefined behavior. You may want to copy the array to protect its data or make it writable before converting it to a tensor. This type of warning will be suppressed for the rest of this program. (Triggered internally at /pytorch/torch/csrc/utils/tensor_numpy.cpp:203.)
  action = torch.from_numpy(np.ascontiguousarray(a)).reshape(self.num_steps, -1).float()
  [eval reacher d3] step 160000 rel=0.0229 (20.5x persist) best=0.0229
  [reacher d3] step 161000/200000 loss=0.1326 pred=0.0272 lr=4.73e-06
  [reacher d3] step 162000/200000 loss=0.1363 pred=0.0264 lr=4.50e-06
  [reacher d3] step 163000/200000 loss=0.1409 pred=0.0291 lr=4.27e-06
  [reacher d3] step 164000/200000 loss=0.1338 pred=0.0249 lr=4.05e-06
  [reacher d3] step 165000/200000 loss=0.1314 pred=0.0274 lr=3.83e-06
/home/vg2097/.local/share/uv/python/cpython-3.12.13-linux-x86_64-gnu/lib/python3.12/multiprocessing/popen_fork.py:66: RuntimeWarning: lancedb fork support is experimental: the internal async runtime has been reset in the forked child, but a small chance of deadlock remains if other state was mid-operation at fork time. The 'forkserver' or 'spawn' multiprocessing start method is likely a safer alternative.
  self.pid = os.fork()
/home/vg2097/.local/share/uv/python/cpython-3.12.13-linux-x86_64-gnu/lib/python3.12/multiprocessing/popen_fork.py:66: RuntimeWarning: lancedb fork support is experimental: the internal async runtime has been reset in the forked child, but a small chance of deadlock remains if other state was mid-operation at fork time. The 'forkserver' or 'spawn' multiprocessing start method is likely a safer alternative.
  self.pid = os.fork()
/home/vg2097/.local/share/uv/python/cpython-3.12.13-linux-x86_64-gnu/lib/python3.12/multiprocessing/popen_fork.py:66: RuntimeWarning: lancedb fork support is experimental: the internal async runtime has been reset in the forked child, but a small chance of deadlock remains if other state was mid-operation at fork time. The 'forkserver' or 'spawn' multiprocessing start method is likely a safer alternative.
  self.pid = os.fork()
/mnt/NAS/home/vg2097/leworld-interp/src/leworld_interp/pixelcache.py:180: UserWarning: The given NumPy array is not writable, and PyTorch does not support non-writable tensors. This means writing to this tensor will result in undefined behavior. You may want to copy the array to protect its data or make it writable before converting it to a tensor. This type of warning will be suppressed for the rest of this program. (Triggered internally at /pytorch/torch/csrc/utils/tensor_numpy.cpp:203.)
  action = torch.from_numpy(np.ascontiguousarray(a)).reshape(self.num_steps, -1).float()
/mnt/NAS/home/vg2097/leworld-interp/src/leworld_interp/pixelcache.py:180: UserWarning: The given NumPy array is not writable, and PyTorch does not support non-writable tensors. This means writing to this tensor will result in undefined behavior. You may want to copy the array to protect its data or make it writable before converting it to a tensor. This type of warning will be suppressed for the rest of this program. (Triggered internally at /pytorch/torch/csrc/utils/tensor_numpy.cpp:203.)
  action = torch.from_numpy(np.ascontiguousarray(a)).reshape(self.num_steps, -1).float()
/mnt/NAS/home/vg2097/leworld-interp/src/leworld_interp/pixelcache.py:180: UserWarning: The given NumPy array is not writable, and PyTorch does not support non-writable tensors. This means writing to this tensor will result in undefined behavior. You may want to copy the array to protect its data or make it writable before converting it to a tensor. This type of warning will be suppressed for the rest of this program. (Triggered internally at /pytorch/torch/csrc/utils/tensor_numpy.cpp:203.)
  action = torch.from_numpy(np.ascontiguousarray(a)).reshape(self.num_steps, -1).float()
  [eval reacher d3] step 165000 rel=0.0226 (20.9x persist) best=0.0226
  [reacher d3] step 166000/200000 loss=0.1264 pred=0.0258 lr=3.62e-06
  [reacher d3] step 167000/200000 loss=0.1321 pred=0.0232 lr=3.42e-06
  [reacher d3] step 168000/200000 loss=0.1367 pred=0.0312 lr=3.22e-06
  [reacher d3] step 169000/200000 loss=0.1265 pred=0.0245 lr=3.02e-06
  [reacher d3] step 170000/200000 loss=0.1392 pred=0.0294 lr=2.84e-06
/home/vg2097/.local/share/uv/python/cpython-3.12.13-linux-x86_64-gnu/lib/python3.12/multiprocessing/popen_fork.py:66: RuntimeWarning: lancedb fork support is experimental: the internal async runtime has been reset in the forked child, but a small chance of deadlock remains if other state was mid-operation at fork time. The 'forkserver' or 'spawn' multiprocessing start method is likely a safer alternative.
  self.pid = os.fork()
/home/vg2097/.local/share/uv/python/cpython-3.12.13-linux-x86_64-gnu/lib/python3.12/multiprocessing/popen_fork.py:66: RuntimeWarning: lancedb fork support is experimental: the internal async runtime has been reset in the forked child, but a small chance of deadlock remains if other state was mid-operation at fork time. The 'forkserver' or 'spawn' multiprocessing start method is likely a safer alternative.
  self.pid = os.fork()
/home/vg2097/.local/share/uv/python/cpython-3.12.13-linux-x86_64-gnu/lib/python3.12/multiprocessing/popen_fork.py:66: RuntimeWarning: lancedb fork support is experimental: the internal async runtime has been reset in the forked child, but a small chance of deadlock remains if other state was mid-operation at fork time. The 'forkserver' or 'spawn' multiprocessing start method is likely a safer alternative.
  self.pid = os.fork()
/mnt/NAS/home/vg2097/leworld-interp/src/leworld_interp/pixelcache.py:180: UserWarning: The given NumPy array is not writable, and PyTorch does not support non-writable tensors. This means writing to this tensor will result in undefined behavior. You may want to copy the array to protect its data or make it writable before converting it to a tensor. This type of warning will be suppressed for the rest of this program. (Triggered internally at /pytorch/torch/csrc/utils/tensor_numpy.cpp:203.)
  action = torch.from_numpy(np.ascontiguousarray(a)).reshape(self.num_steps, -1).float()
/mnt/NAS/home/vg2097/leworld-interp/src/leworld_interp/pixelcache.py:180: UserWarning: The given NumPy array is not writable, and PyTorch does not support non-writable tensors. This means writing to this tensor will result in undefined behavior. You may want to copy the array to protect its data or make it writable before converting it to a tensor. This type of warning will be suppressed for the rest of this program. (Triggered internally at /pytorch/torch/csrc/utils/tensor_numpy.cpp:203.)
  action = torch.from_numpy(np.ascontiguousarray(a)).reshape(self.num_steps, -1).float()
/mnt/NAS/home/vg2097/leworld-interp/src/leworld_interp/pixelcache.py:180: UserWarning: The given NumPy array is not writable, and PyTorch does not support non-writable tensors. This means writing to this tensor will result in undefined behavior. You may want to copy the array to protect its data or make it writable before converting it to a tensor. This type of warning will be suppressed for the rest of this program. (Triggered internally at /pytorch/torch/csrc/utils/tensor_numpy.cpp:203.)
  action = torch.from_numpy(np.ascontiguousarray(a)).reshape(self.num_steps, -1).float()
  [eval reacher d3] step 170000 rel=0.0226 (20.9x persist) best=0.0226
  [reacher d3] step 171000/200000 loss=0.1365 pred=0.0325 lr=2.65e-06
  [reacher d3] step 172000/200000 loss=0.1305 pred=0.0255 lr=2.48e-06
  [reacher d3] step 173000/200000 loss=0.1401 pred=0.0297 lr=2.30e-06
  [reacher d3] step 174000/200000 loss=0.1397 pred=0.0259 lr=2.14e-06
  [reacher d3] step 175000/200000 loss=0.1282 pred=0.0232 lr=1.98e-06
/home/vg2097/.local/share/uv/python/cpython-3.12.13-linux-x86_64-gnu/lib/python3.12/multiprocessing/popen_fork.py:66: RuntimeWarning: lancedb fork support is experimental: the internal async runtime has been reset in the forked child, but a small chance of deadlock remains if other state was mid-operation at fork time. The 'forkserver' or 'spawn' multiprocessing start method is likely a safer alternative.
  self.pid = os.fork()
/home/vg2097/.local/share/uv/python/cpython-3.12.13-linux-x86_64-gnu/lib/python3.12/multiprocessing/popen_fork.py:66: RuntimeWarning: lancedb fork support is experimental: the internal async runtime has been reset in the forked child, but a small chance of deadlock remains if other state was mid-operation at fork time. The 'forkserver' or 'spawn' multiprocessing start method is likely a safer alternative.
  self.pid = os.fork()
/home/vg2097/.local/share/uv/python/cpython-3.12.13-linux-x86_64-gnu/lib/python3.12/multiprocessing/popen_fork.py:66: RuntimeWarning: lancedb fork support is experimental: the internal async runtime has been reset in the forked child, but a small chance of deadlock remains if other state was mid-operation at fork time. The 'forkserver' or 'spawn' multiprocessing start method is likely a safer alternative.
  self.pid = os.fork()
/mnt/NAS/home/vg2097/leworld-interp/src/leworld_interp/pixelcache.py:180: UserWarning: The given NumPy array is not writable, and PyTorch does not support non-writable tensors. This means writing to this tensor will result in undefined behavior. You may want to copy the array to protect its data or make it writable before converting it to a tensor. This type of warning will be suppressed for the rest of this program. (Triggered internally at /pytorch/torch/csrc/utils/tensor_numpy.cpp:203.)
  action = torch.from_numpy(np.ascontiguousarray(a)).reshape(self.num_steps, -1).float()
/mnt/NAS/home/vg2097/leworld-interp/src/leworld_interp/pixelcache.py:180: UserWarning: The given NumPy array is not writable, and PyTorch does not support non-writable tensors. This means writing to this tensor will result in undefined behavior. You may want to copy the array to protect its data or make it writable before converting it to a tensor. This type of warning will be suppressed for the rest of this program. (Triggered internally at /pytorch/torch/csrc/utils/tensor_numpy.cpp:203.)
  action = torch.from_numpy(np.ascontiguousarray(a)).reshape(self.num_steps, -1).float()
/mnt/NAS/home/vg2097/leworld-interp/src/leworld_interp/pixelcache.py:180: UserWarning: The given NumPy array is not writable, and PyTorch does not support non-writable tensors. This means writing to this tensor will result in undefined behavior. You may want to copy the array to protect its data or make it writable before converting it to a tensor. This type of warning will be suppressed for the rest of this program. (Triggered internally at /pytorch/torch/csrc/utils/tensor_numpy.cpp:203.)
  action = torch.from_numpy(np.ascontiguousarray(a)).reshape(self.num_steps, -1).float()
  [eval reacher d3] step 175000 rel=0.0224 (21.1x persist) best=0.0224
  [reacher d3] step 176000/200000 loss=0.1327 pred=0.0287 lr=1.83e-06
  [reacher d3] step 177000/200000 loss=0.1259 pred=0.0268 lr=1.68e-06
  [reacher d3] step 178000/200000 loss=0.1337 pred=0.0239 lr=1.54e-06
  [reacher d3] step 179000/200000 loss=0.1331 pred=0.0242 lr=1.40e-06
  [reacher d3] step 180000/200000 loss=0.1316 pred=0.0276 lr=1.27e-06
/home/vg2097/.local/share/uv/python/cpython-3.12.13-linux-x86_64-gnu/lib/python3.12/multiprocessing/popen_fork.py:66: RuntimeWarning: lancedb fork support is experimental: the internal async runtime has been reset in the forked child, but a small chance of deadlock remains if other state was mid-operation at fork time. The 'forkserver' or 'spawn' multiprocessing start method is likely a safer alternative.
  self.pid = os.fork()
/home/vg2097/.local/share/uv/python/cpython-3.12.13-linux-x86_64-gnu/lib/python3.12/multiprocessing/popen_fork.py:66: RuntimeWarning: lancedb fork support is experimental: the internal async runtime has been reset in the forked child, but a small chance of deadlock remains if other state was mid-operation at fork time. The 'forkserver' or 'spawn' multiprocessing start method is likely a safer alternative.
  self.pid = os.fork()
/home/vg2097/.local/share/uv/python/cpython-3.12.13-linux-x86_64-gnu/lib/python3.12/multiprocessing/popen_fork.py:66: RuntimeWarning: lancedb fork support is experimental: the internal async runtime has been reset in the forked child, but a small chance of deadlock remains if other state was mid-operation at fork time. The 'forkserver' or 'spawn' multiprocessing start method is likely a safer alternative.
  self.pid = os.fork()
/mnt/NAS/home/vg2097/leworld-interp/src/leworld_interp/pixelcache.py:180: UserWarning: The given NumPy array is not writable, and PyTorch does not support non-writable tensors. This means writing to this tensor will result in undefined behavior. You may want to copy the array to protect its data or make it writable before converting it to a tensor. This type of warning will be suppressed for the rest of this program. (Triggered internally at /pytorch/torch/csrc/utils/tensor_numpy.cpp:203.)
  action = torch.from_numpy(np.ascontiguousarray(a)).reshape(self.num_steps, -1).float()
/mnt/NAS/home/vg2097/leworld-interp/src/leworld_interp/pixelcache.py:180: UserWarning: The given NumPy array is not writable, and PyTorch does not support non-writable tensors. This means writing to this tensor will result in undefined behavior. You may want to copy the array to protect its data or make it writable before converting it to a tensor. This type of warning will be suppressed for the rest of this program. (Triggered internally at /pytorch/torch/csrc/utils/tensor_numpy.cpp:203.)
  action = torch.from_numpy(np.ascontiguousarray(a)).reshape(self.num_steps, -1).float()
/mnt/NAS/home/vg2097/leworld-interp/src/leworld_interp/pixelcache.py:180: UserWarning: The given NumPy array is not writable, and PyTorch does not support non-writable tensors. This means writing to this tensor will result in undefined behavior. You may want to copy the array to protect its data or make it writable before converting it to a tensor. This type of warning will be suppressed for the rest of this program. (Triggered internally at /pytorch/torch/csrc/utils/tensor_numpy.cpp:203.)
  action = torch.from_numpy(np.ascontiguousarray(a)).reshape(self.num_steps, -1).float()
  [eval reacher d3] step 180000 rel=0.0224 (21.1x persist) best=0.0224
  [reacher d3] step 181000/200000 loss=0.1395 pred=0.0282 lr=1.15e-06
  [reacher d3] step 182000/200000 loss=0.1351 pred=0.0252 lr=1.03e-06
  [reacher d3] step 183000/200000 loss=0.1284 pred=0.0234 lr=9.22e-07
  [reacher d3] step 184000/200000 loss=0.1359 pred=0.0241 lr=8.18e-07
  [reacher d3] step 185000/200000 loss=0.1292 pred=0.0252 lr=7.19e-07
/home/vg2097/.local/share/uv/python/cpython-3.12.13-linux-x86_64-gnu/lib/python3.12/multiprocessing/popen_fork.py:66: RuntimeWarning: lancedb fork support is experimental: the internal async runtime has been reset in the forked child, but a small chance of deadlock remains if other state was mid-operation at fork time. The 'forkserver' or 'spawn' multiprocessing start method is likely a safer alternative.
  self.pid = os.fork()
/home/vg2097/.local/share/uv/python/cpython-3.12.13-linux-x86_64-gnu/lib/python3.12/multiprocessing/popen_fork.py:66: RuntimeWarning: lancedb fork support is experimental: the internal async runtime has been reset in the forked child, but a small chance of deadlock remains if other state was mid-operation at fork time. The 'forkserver' or 'spawn' multiprocessing start method is likely a safer alternative.
  self.pid = os.fork()
/home/vg2097/.local/share/uv/python/cpython-3.12.13-linux-x86_64-gnu/lib/python3.12/multiprocessing/popen_fork.py:66: RuntimeWarning: lancedb fork support is experimental: the internal async runtime has been reset in the forked child, but a small chance of deadlock remains if other state was mid-operation at fork time. The 'forkserver' or 'spawn' multiprocessing start method is likely a safer alternative.
  self.pid = os.fork()
/mnt/NAS/home/vg2097/leworld-interp/src/leworld_interp/pixelcache.py:180: UserWarning: The given NumPy array is not writable, and PyTorch does not support non-writable tensors. This means writing to this tensor will result in undefined behavior. You may want to copy the array to protect its data or make it writable before converting it to a tensor. This type of warning will be suppressed for the rest of this program. (Triggered internally at /pytorch/torch/csrc/utils/tensor_numpy.cpp:203.)
  action = torch.from_numpy(np.ascontiguousarray(a)).reshape(self.num_steps, -1).float()
/mnt/NAS/home/vg2097/leworld-interp/src/leworld_interp/pixelcache.py:180: UserWarning: The given NumPy array is not writable, and PyTorch does not support non-writable tensors. This means writing to this tensor will result in undefined behavior. You may want to copy the array to protect its data or make it writable before converting it to a tensor. This type of warning will be suppressed for the rest of this program. (Triggered internally at /pytorch/torch/csrc/utils/tensor_numpy.cpp:203.)
  action = torch.from_numpy(np.ascontiguousarray(a)).reshape(self.num_steps, -1).float()
/mnt/NAS/home/vg2097/leworld-interp/src/leworld_interp/pixelcache.py:180: UserWarning: The given NumPy array is not writable, and PyTorch does not support non-writable tensors. This means writing to this tensor will result in undefined behavior. You may want to copy the array to protect its data or make it writable before converting it to a tensor. This type of warning will be suppressed for the rest of this program. (Triggered internally at /pytorch/torch/csrc/utils/tensor_numpy.cpp:203.)
  action = torch.from_numpy(np.ascontiguousarray(a)).reshape(self.num_steps, -1).float()
  [eval reacher d3] step 185000 rel=0.0223 (21.3x persist) best=0.0223
[converged reacher d3] rel 0.0223 flat over 5 evals (above target)
/home/vg2097/.local/share/uv/python/cpython-3.12.13-linux-x86_64-gnu/lib/python3.12/multiprocessing/popen_fork.py:66: RuntimeWarning: lancedb fork support is experimental: the internal async runtime has been reset in the forked child, but a small chance of deadlock remains if other state was mid-operation at fork time. The 'forkserver' or 'spawn' multiprocessing start method is likely a safer alternative.
  self.pid = os.fork()
/home/vg2097/.local/share/uv/python/cpython-3.12.13-linux-x86_64-gnu/lib/python3.12/multiprocessing/popen_fork.py:66: RuntimeWarning: lancedb fork support is experimental: the internal async runtime has been reset in the forked child, but a small chance of deadlock remains if other state was mid-operation at fork time. The 'forkserver' or 'spawn' multiprocessing start method is likely a safer alternative.
  self.pid = os.fork()
/home/vg2097/.local/share/uv/python/cpython-3.12.13-linux-x86_64-gnu/lib/python3.12/multiprocessing/popen_fork.py:66: RuntimeWarning: lancedb fork support is experimental: the internal async runtime has been reset in the forked child, but a small chance of deadlock remains if other state was mid-operation at fork time. The 'forkserver' or 'spawn' multiprocessing start method is likely a safer alternative.
  self.pid = os.fork()
/mnt/NAS/home/vg2097/leworld-interp/src/leworld_interp/pixelcache.py:180: UserWarning: The given NumPy array is not writable, and PyTorch does not support non-writable tensors. This means writing to this tensor will result in undefined behavior. You may want to copy the array to protect its data or make it writable before converting it to a tensor. This type of warning will be suppressed for the rest of this program. (Triggered internally at /pytorch/torch/csrc/utils/tensor_numpy.cpp:203.)
  action = torch.from_numpy(np.ascontiguousarray(a)).reshape(self.num_steps, -1).float()
/mnt/NAS/home/vg2097/leworld-interp/src/leworld_interp/pixelcache.py:180: UserWarning: The given NumPy array is not writable, and PyTorch does not support non-writable tensors. This means writing to this tensor will result in undefined behavior. You may want to copy the array to protect its data or make it writable before converting it to a tensor. This type of warning will be suppressed for the rest of this program. (Triggered internally at /pytorch/torch/csrc/utils/tensor_numpy.cpp:203.)
  action = torch.from_numpy(np.ascontiguousarray(a)).reshape(self.num_steps, -1).float()
/mnt/NAS/home/vg2097/leworld-interp/src/leworld_interp/pixelcache.py:180: UserWarning: The given NumPy array is not writable, and PyTorch does not support non-writable tensors. This means writing to this tensor will result in undefined behavior. You may want to copy the array to protect its data or make it writable before converting it to a tensor. This type of warning will be suppressed for the rest of this program. (Triggered internally at /pytorch/torch/csrc/utils/tensor_numpy.cpp:203.)
  action = torch.from_numpy(np.ascontiguousarray(a)).reshape(self.num_steps, -1).float()

[done reacher d=3] step 185000 | final rel-MSE=0.0217 (21.6x persist) | best=0.0217 | 15.1 h
